0,1,2,3,4,5,6
1,Allyce ,Erminia,Allyce.Erminia@yahoo.com,3215178326,Nuku alofa,"CFxqIdbtZ
"
2,Imojean,Jagir,Imojean.Jagir@yahoo.com,8470017759,Kolkata,"TaDUffonfB
"
3,Lenna,Ioab,Lenna.Ioab@yahoo.com,1301949941,Belize City,"agIXK xWBeqS
"
4,Corly,Helve,Corly.Helve@yahoo.com,164974142,Valparaso,"kialVzQZZ
"
5,Candi,Shaver,Candi.Shaver@yahoo.com,6816465104,Melbourne,"SnEsRoQDcLNr
"
6,Lusa,Desai,Lusa.Desai@yahoo.com,6824278,Cali,"fUZCFJMVb
"
7,Jordan,Prouty,Jordan.Prouty@yahoo.com,5000596949,Porto Alegre,"HPHWdCfR
"
8,Aili,Infield,Aili.Infield@yahoo.com,9473866857,Nagoya," QZBeifC
"
9,Antonietta,Aloise,Antonietta.Aloise@yahoo.com,1386710916,Dubai,"kPfbcecS
"
10,Maud,Heidt,Maud.Heidt@yahoo.com,1821877911,Leeds,"BSLfHaEbQ
"
11,Mireielle,Israeli,Mireielle.Israeli@yahoo.com,5682526059,Kinshasa,"enuLZmuqtjy
"
12,Estell,Cath,Estell.Cath@yahoo.com,5713623677,Abidjan,"grKAWWDPfq
"
13,Konstance,Podvin,Konstance.Podvin@yahoo.com,469814700,Faisalabad,"vNvQPtHa
"
14,Arlena,Salchunas,Arlena.Salchunas@yahoo.com,8880634604,Valdivia,"BcWcHNVwM
"
15,Rosabelle,Bollay,Rosabelle.Bollay@yahoo.com,4315299560,Kathmandu,"pOgHfTGtbVYP
"
16,Shirlee,Wenda,Shirlee.Wenda@yahoo.com,7536009349,Zapopan,"wTRITotCdj
"
17,Tarra,Noelyn,Tarra.Noelyn@yahoo.com,5018944460,Bogor," mhBKSPsTRX
"
18,Ottilie,Scammon,Ottilie.Scammon@yahoo.com,8858078664,Quezon City,"qBJhXlP 
"
19,Bobinette,Brodench,Bobinette.Brodench@yahoo.com,8853194579,Providence,"tWENXImskGV
"
20,Genevra,Vale,Genevra.Vale@yahoo.com,8434175679,San Carlos de Bariloche,"zOyQcHoVCpi
"
21,Michaelina,Esmaria,Michaelina.Esmaria@yahoo.com,5026108613,Lyon,"lyFkcqAdW
"
22,Theodora,Ariella,Theodora.Ariella@yahoo.com,6307252158,Las Palmas de Gran Canaria,"RypcqLyYbd
"
23,Tamqrah,Adore,Tamqrah.Adore@yahoo.com,9612971688,Cairns,"PYJQYBhEz
"
24,Chrystel,Kiersten,Chrystel.Kiersten@yahoo.com,8915312686,Havana,"CXWLXFvEjcxj
"
25,Lacie,Bearnard,Lacie.Bearnard@yahoo.com,5290088662,Blantyre,"bMs QxttdJF
"
26,Ruthe,Forrer,Ruthe.Forrer@yahoo.com,2643199910,Enugu,"ZkMOsKOf
"
27,Livvyy,Obed,Livvyy.Obed@yahoo.com,110992409,Labasa,"DhyYr HlSmDC
"
28,Lorie,Mintz,Lorie.Mintz@yahoo.com,7636904689,Tskhinvali,"DIIwjIMu
"
29,Krystle,Yorick,Krystle.Yorick@yahoo.com,5589448072,Kathmandu,"kkIUknTiGPNf
"
30,Sybille,Janene,Sybille.Janene@yahoo.com,3810310354,Phuket (city),"LMAT GfwICb
"
31,Tera,Shuler,Tera.Shuler@yahoo.com,8987974913,Papeete,"JHgyMIYJcgLV
"
32,Selma,Fennessy,Selma.Fennessy@yahoo.com,3570930759,Bujumbura,"mWYxbPWOwVM
"
33,Elie,Felecia,Elie.Felecia@yahoo.com,6920384979,Shenyang,"WgiAYESH
"
34,Kenna,Belanger,Kenna.Belanger@yahoo.com,2019040175,Canberra," TlkKTRityb
"
35,Darci,Wareing,Darci.Wareing@yahoo.com,9409118021,Valletta,"JzyyogahBHdx
"
36,Dania,Callista,Dania.Callista@yahoo.com,6782718561,Rabat,"PukvXNhUayc
"
37,Farrah,Pierette,Farrah.Pierette@yahoo.com,3296632411,Port of Spain,"UeivvBBCMg
"
38,Cecile,Fiester,Cecile.Fiester@yahoo.com,4254798963,Mecca,"vCTvikvnMDh
"
39,Raf,Roche,Raf.Roche@yahoo.com,9432508903,Basra,"bWsLFBpE
"
40,Zia,Decato,Zia.Decato@yahoo.com,4571001175,Regina,"WjUdHlZMRSO
"
41,Dione,Waite,Dione.Waite@yahoo.com,6955468663,Weno,"AjHUOGhsBt
"
42,Fanchon,Virgin,Fanchon.Virgin@yahoo.com,2494680387,Norilsk,"VePFGyrZjiD
"
43,Clo,Mandler,Clo.Mandler@yahoo.com,76633313,Vienna,"eai Jq rzJ
"
44,Suzette,Ulphia,Suzette.Ulphia@yahoo.com,1434151099,Nagoya,"luFXRFOK
"
45,Doralynne,Merriott,Doralynne.Merriott@yahoo.com,9245377809,Mersin,"jVXetnuWlB
"
46,Damaris,Curren,Damaris.Curren@yahoo.com,9124066690,Kansas City,"jCRkUMYgEN
"
47,Brietta,Orelee,Brietta.Orelee@yahoo.com,194265338,Dili,"Nhdvlybq
"
48,Hildegaard,Llovera,Hildegaard.Llovera@yahoo.com,1415184472,Medell,"bQIblhOhU
"
49,Millie,Maiah,Millie.Maiah@yahoo.com,2536740823,Dammam,"NZZLznIryi
"
50,Adore,Waldron,Adore.Waldron@yahoo.com,7890162761,Mersin,"mWtsIMhxMr
"
51,Jessamyn,Natica,Jessamyn.Natica@yahoo.com,5666265787,Batticaloa,"LlgUOceiYYU
"
52,Stephanie,Old,Stephanie.Old@yahoo.com,3747748187,Maracaibo,"nGJ TdkHt
"
53,Misha,Bury,Misha.Bury@yahoo.com,7885737809,Damascus,"Aj DRwKjVlt
"
54,Codie,Kalinda,Codie.Kalinda@yahoo.com,6221566000,Dushanbe,"fUgjBJySv
"
55,Briney,Radu,Briney.Radu@yahoo.com,3117463208,Christchurch,"DfHUznQZ
"
56,Tybie,Rese,Tybie.Rese@yahoo.com,6823376760,Mexico City,"kLzVMIPmfbzs
"
57,Willetta,Lumbard,Willetta.Lumbard@yahoo.com,4093147548,Brussels,"BfFRKjCTLVa
"
58,Nonnah,Marisa,Nonnah.Marisa@yahoo.com,8141052200,Kraw,"QtbreJAfDESl
"
59,Lindie,Chandler,Lindie.Chandler@yahoo.com,5762628476,Jinan,"xqYcWCkIJCMX
"
60,Marti,Cavan,Marti.Cavan@yahoo.com,4415622908,Chaguanas,"VnQAyjPOqp
"
61,Michaelina,Lacombe,Michaelina.Lacombe@yahoo.com,3137666501,Rotterdam,"hEdEsUzOyUc
"
62,Juliane,Clara,Juliane.Clara@yahoo.com,670253911,Sana'a,"qj QqmXCPOAU
"
63,Marika,Jillane,Marika.Jillane@yahoo.com,9576405471,Guayaquil,"PhTuhrhyGVB
"
64,Flory,Cadmar,Flory.Cadmar@yahoo.com,7723207170,Adamstown,"eqOnIPQeFT
"
65,Melina,Stephie,Melina.Stephie@yahoo.com,653200730,The Valley,"RnuXVibfaspA
"
66,Ashlee,Pozzy,Ashlee.Pozzy@yahoo.com,8087056153,N'Djamena,"PPRg QHYX
"
67,Susan,Waldron,Susan.Waldron@yahoo.com,1846056224,Yakutsk,"eKQWXIMhp
"
68,Ariela,Lauraine,Ariela.Lauraine@yahoo.com,2144074765,Whitehorse,"xgDm Yihqo
"
69,Donetta,Nickola,Donetta.Nickola@yahoo.com,145255205,Winnipeg,"GfnXDFZNP
"
70,Misha,Berl,Misha.Berl@yahoo.com,6554245977,Concepci,"JqqUmQIr L
"
71,Olwen,Minetta,Olwen.Minetta@yahoo.com,6131252045,Kyoto,"kKkyKX c
"
72,Gisela,Israeli,Gisela.Israeli@yahoo.com,7241413209,Changchun,"QSCSKvka 
"
73,Rochette,Schlosser,Rochette.Schlosser@yahoo.com,5198192013,Fairbanks,"dksjqAGmsm
"
74,Sophia,Pulsifer,Sophia.Pulsifer@yahoo.com,55506415,Niamey,"qFsCluuxP
"
75,Ernesta,Kiersten,Ernesta.Kiersten@yahoo.com,5738745067,Rockhampton,"vuBxlbzTJmx
"
76,Dania,Sikorski,Dania.Sikorski@yahoo.com,3015054064,Fukuoka,"wpUqLaNTJcQo
"
77,Adore,Gualtiero,Adore.Gualtiero@yahoo.com,899313052,Jakarta,"NsTmJQkOTP
"
78,Alyssa,Callista,Alyssa.Callista@yahoo.com,5742300440,Skopje,"nsJliRhVrumZ
"
79,Karlee,Wilkinson,Karlee.Wilkinson@yahoo.com,7655180334,San Francisco,"fkLIccJzwqn
"
80,Florie,Charmine,Florie.Charmine@yahoo.com,7508561258,Saipan,"EfaGFDTK
"
81,Clary,Tamsky,Clary.Tamsky@yahoo.com,1184596756,Abuja,"bNWXHuqw pU 
"
82,Lilith,Edee,Lilith.Edee@yahoo.com,5336569953,Shijiazhuang,"eUiBrAQgoSnD
"
83,Gabriellia,Natica,Gabriellia.Natica@yahoo.com,4407893107,Ipoh,"EAjPPDDIwBj
"
84,Viviene,Arne,Viviene.Arne@yahoo.com,9591602097,Quito,"HWynIYFliUC
"
85,Lilith,Creamer,Lilith.Creamer@yahoo.com,6081874613,Tartu,"EurvDZRKecxW
"
86,Cassondra,Lucienne,Cassondra.Lucienne@yahoo.com,275866686,Dhaka,"KoYClcFscCAe
"
87,Kalina,Deny,Kalina.Deny@yahoo.com,5944827971,Lom,"TZRWzXEY
"
88,Angelique,Olympium,Angelique.Olympium@yahoo.com,6172931358,Valencia,"uLdj VGHMoi
"
89,Millie,Krystle,Millie.Krystle@yahoo.com,8940883670,Abu Dhabi,"EEvOgRUI
"
90,Nariko,Posner,Nariko.Posner@yahoo.com,3583380408,Sana'a,"PteeYFOkxw
"
91,Jessamyn,Westphal,Jessamyn.Westphal@yahoo.com,8988369015,Rabat,"lEOvplgI 
"
92,Ginnie,Mata,Ginnie.Mata@yahoo.com,4047761705,Geneva,"vqzFlJbRIfcx
"
93,Modestia,Orlene,Modestia.Orlene@yahoo.com,2799762827,Vancouver,"InRpWmjiTs
"
94,Jeanna,Levey,Jeanna.Levey@yahoo.com,8910619095,Geneva,"WIjFZaIb
"
95,Almeta,Curren,Almeta.Curren@yahoo.com,3613921851,Abidjan,"WcgUkCIK
"
96,Jordan,Baudin,Jordan.Baudin@yahoo.com,580185177,Tegucigalpa,"HEyEaqbpKg 
"
97,Binny,Ruvolo,Binny.Ruvolo@yahoo.com,9090303448,Indianapolis,"LQzq ayfCe
"
98,Lanna,Kellby,Lanna.Kellby@yahoo.com,869568609,Bangalore,"bhlLRBkKyF
"
99,Glenda,Zaslow,Glenda.Zaslow@yahoo.com,1410314673,Townsville,"UTpvtNLCmk
"
100,Kial,Old,Kial.Old@yahoo.com,1620534757,Hu,"GVUUFJathb
"
101,Ellette,Deny,Ellette.Deny@yahoo.com,6286813965,The Valley,"zIwKvTcod 
"
102,Vanessa,Hertzfeld,Vanessa.Hertzfeld@yahoo.com,2853691380,Mecca,"zWVlZQsy
"
103,Merle,Simmonds,Merle.Simmonds@yahoo.com,9266877781,Nuuk,"pTmnMuCfmeo
"
104,Charmaine,Percy,Charmaine.Percy@yahoo.com,2248909116,City of Halifax,"HORdIbQjS
"
105,Celisse,Marden,Celisse.Marden@yahoo.com,2122400413,Sofia,"J SLcjOYeRVk
"
106,Sadie,Roche,Sadie.Roche@yahoo.com,6443563358,Sacramento,"pvCOxOPryqjS
"
107,Nananne,Claudine,Nananne.Claudine@yahoo.com,7683854508,Milan,"RufbeWin
"
108,Halette,Kiersten,Halette.Kiersten@yahoo.com,4521095293,Toulouse,"srVmTgtjd
"
109,Lusa,Ethban,Lusa.Ethban@yahoo.com,751712296,Nukualofa,"WNKmTbDRYf
"
110,Heddie,Moina,Heddie.Moina@yahoo.com,3426141283,San Jos,"CmMqdmJpgQh
"
111,Marti,Audly,Marti.Audly@yahoo.com,484872695,Bujumbura,"gHXQaMDFz
"
112,Esmeralda,Chobot,Esmeralda.Chobot@yahoo.com,408422282,Khartoum,"aqtldiDG
"
113,Charmaine,Chapland,Charmaine.Chapland@yahoo.com,1999544097,Thessaloniki,"GUCQsoZFBya
"
114,Louella,Ramona,Louella.Ramona@yahoo.com,1494512876,Melekeok,"tINwtsSOoXS
"
115,Zia,Dudley,Zia.Dudley@yahoo.com,5621458520,Porto,"vbdtEKVwEZ
"
116,Joane,Kravits,Joane.Kravits@yahoo.com,403962074,Denver,"C ejQGGj
"
117,Cassondra,Stover,Cassondra.Stover@yahoo.com,6983792153,Budapest,"VjxbbBXfYxZW
"
118,Myrtice,McCutcheon,Myrtice.McCutcheon@yahoo.com,9335777696,Porto," ondWKqmC 
"
119,Valeda,Ovid,Valeda.Ovid@yahoo.com,6917910494,Konya,"pMBnesXnmHm
"
120,Donetta,Baptlsta,Donetta.Baptlsta@yahoo.com,6421653031,Enugu,"iGNjzyst
"
121,Eadie,Eben,Eadie.Eben@yahoo.com,1904293565,Dar es Salaam,"XeKItMBHOVTi
"
122,Brooks,Fairweather,Brooks.Fairweather@yahoo.com,5223528067,Bucharest,"gTCJTARhZbXO
"
123,Glynnis,Fleeta,Glynnis.Fleeta@yahoo.com,8386229185,Madrid,"UlXJJ tIH
"
124,Georgetta,Sikorski,Georgetta.Sikorski@yahoo.com,5527888760,Baku,"TXpGjlag
"
125,Di,Capello,Di.Capello@yahoo.com,7262313191,Invercargill,"zENtzv  Q
"
126,Cathyleen,Gladstone,Cathyleen.Gladstone@yahoo.com,2499168284,Bulawayo,"IYWuospX
"
127,Felice,Haymes,Felice.Haymes@yahoo.com,8298787994,Paramaribo,"ggAoBXJXFcGY
"
128,Selia,Lymann,Selia.Lymann@yahoo.com,3313381806,Invercargill,"BmDKBDiGkDUG
"
129,Katharina,Blisse,Katharina.Blisse@yahoo.com,8995882831,Castries,"QlxwojYSbE
"
130,Calla,Marcellus,Calla.Marcellus@yahoo.com,8937126810,Columbus,"mOvoKJdO 
"
131,Minne,Publia,Minne.Publia@yahoo.com,3915329113,Pittsburgh,"xBFNlKnXp
"
132,Shirlee,Gibbeon,Shirlee.Gibbeon@yahoo.com,5612297316,Albuquerque,"mexZrIXrkVwi
"
133,Maurene,Krystle,Maurene.Krystle@yahoo.com,7331623491,Rosario,"naDPOLtBw
"
134,Ursulina,Goldina,Ursulina.Goldina@yahoo.com,729568863,Bangui,"vEinHXkXt
"
135,Micheline,Brunell,Micheline.Brunell@yahoo.com,5851498855,Cuiab,"iksfvaVyB
"
136,Fernande,Nikaniki,Fernande.Nikaniki@yahoo.com,5566425906,Pristina,"cEQpffOcAH
"
137,Pamella,Rocray,Pamella.Rocray@yahoo.com,1414445813,St. John's,"IAZsGCqBNqu
"
138,Abbie,Gamaliel,Abbie.Gamaliel@yahoo.com,3048592926,South Tarawa,"FLTHOWWYUJyj
"
139,Valli,Faria,Valli.Faria@yahoo.com,5595782047,Jeddah,"BMZsuKnY
"
140,Oralee,Jacinda,Oralee.Jacinda@yahoo.com,7831770752,Chihuahua,"mQMsPmMcpjR
"
141,Reeba,Bearnard,Reeba.Bearnard@yahoo.com,7124816715,Phuket (city),"OwIMdWVuIIJ
"
142,Gwenneth,Greyson,Gwenneth.Greyson@yahoo.com,2189783094,Kobe,"zOVKjtqi
"
143,Wynne,Faria,Wynne.Faria@yahoo.com,2986201047,Tallinn," rVAARNKYXzg
"
144,Emmey,Kress,Emmey.Kress@yahoo.com,9424874943,Dushanbe,"YUPrkaRz
"
145,Ardenia,Stefa,Ardenia.Stefa@yahoo.com,6699889190,Adelaide,"JDbqwaKph
"
146,Dania,Joachim,Dania.Joachim@yahoo.com,9908167990,Chiang Mai,"yTEjVzdq
"
147,Clo,Noelyn,Clo.Noelyn@yahoo.com,7004406649,Stuttgart,"ruGVfRywV
"
148,Karolina,Taima,Karolina.Taima@yahoo.com,4765592897,Adelaide,"spSWxtMfJ 
"
149,Malina,Hessler,Malina.Hessler@yahoo.com,9574923781,Simferopol,"DziGcwYKDz
"
150,Courtnay,Xerxes,Courtnay.Xerxes@yahoo.com,7333593944,Birkirkara,"utqTXYXQeN
"
151,Ofilia,Schalles,Ofilia.Schalles@yahoo.com,9583465914,Ahmedabad,"BAH hQPAf
"
152,Lolita,Kristi,Lolita.Kristi@yahoo.com,2553743541,Baku,"AbioCnas
"
153,Britni,Klotz,Britni.Klotz@yahoo.com,2402971512,Jaipur,"XMzYczgrm
"
154,Lilith,Elbertina,Lilith.Elbertina@yahoo.com,5473118206,Perm,"ChzJBmDexcH
"
155,Ariela,Oneida,Ariela.Oneida@yahoo.com,7974647790,The Hague,"TAcxBDyEIP
"
156,Kamilah,Natica,Kamilah.Natica@yahoo.com,9031020168,Bandung,"RImNlyaae
"
157,Rosaline,Lacombe,Rosaline.Lacombe@yahoo.com,3262780964,Philadelphia,"rIPrXvcva
"
158,Luci,Hanleigh,Luci.Hanleigh@yahoo.com,9494326371,Campo Grande,"AGcsncPFkwbX
"
159,Lolita,Allys,Lolita.Allys@yahoo.com,2214425364,Adana,"qWMqqICyxu
"
160,Selma,Moina,Selma.Moina@yahoo.com,3008493430,Koror,"NtDmVUKUP
"
161,Jessy,Grimbly,Jessy.Grimbly@yahoo.com,5110907099,Lisbon," XGvOrzSnoO
"
162,Gabriellia,Klemperer,Gabriellia.Klemperer@yahoo.com,6216937869,Medan,"BXcBEdboFDy
"
163,Mary,Elsinore,Mary.Elsinore@yahoo.com,3628862771,Yaren District,"tQjPcDkP
"
164,Kaia,Klotz,Kaia.Klotz@yahoo.com,5592936942,Istanbul,"HqGCrDXoVW
"
165,Zaria,Rheingold,Zaria.Rheingold@yahoo.com,5046857265,Stuttgart,"AXEVoInUG
"
166,Chastity,Kronfeld,Chastity.Kronfeld@yahoo.com,3953714159,Athens,"tVGBxQKpt
"
167,Catharine,Cassius,Catharine.Cassius@yahoo.com,3336558721,Port Vila,"nAmNBxaqdFvu
"
168,Beth,Alcott,Beth.Alcott@yahoo.com,208789249,Libreville,"WQtXghdUj
"
169,Susan,Urias,Susan.Urias@yahoo.com,3081108669,Srinagar,"BojyDgkmiWbd
"
170,Clo,Heisel,Clo.Heisel@yahoo.com,2863401283,Incheon,"sndtOFYVm
"
171,Misha,O'Rourke,Misha.O'Rourke@yahoo.com,327100788,Recife,"JrwzvEFSS
"
172,Binny,Goerke,Binny.Goerke@yahoo.com,9009743514,Istanbul,"bcVqCpesWqw
"
173,Lindie,Arvo,Lindie.Arvo@yahoo.com,4812010452,Lusaka,"UTNEIVIWms
"
174,Gretal,Quinn,Gretal.Quinn@yahoo.com,6360545206,Perth,"jnseAInP
"
175,Carly,Karna,Carly.Karna@yahoo.com,9061184756,Faisalabad,"dxTSJohlzv
"
176,Barbara,Quinn,Barbara.Quinn@yahoo.com,9167531967,Anadyr (town),"mCaPNIY 
"
177,Nadine,Zola,Nadine.Zola@yahoo.com,2765592361,Santa Cruz de Tenerife,"FbLuUdTXG
"
178,Emmey,Bartlett,Emmey.Bartlett@yahoo.com,6928882528,Mersin,"EKtflzH Ws
"
179,Evaleen,Winnick,Evaleen.Winnick@yahoo.com,5285985654,St. George's,"ppubyLVtkt
"
180,Agnese,Hortensia,Agnese.Hortensia@yahoo.com,3907309815,Pattaya,"ZddjvZbuIF
"
181,Selia,Tice,Selia.Tice@yahoo.com,2645524096,Balikpapan,"hZCBVIHIcp
"
182,Flo,Colbert,Flo.Colbert@yahoo.com,8286597402,Wuhan,"PeUFfOWVBmr
"
183,Shauna,Sibyls,Shauna.Sibyls@yahoo.com,614239230,Bangui,"kEbjgvYBm
"
184,Lizzie,Santoro,Lizzie.Santoro@yahoo.com,9725092481,Wonsan,"DGRuiloU sh
"
185,Donetta,Horan,Donetta.Horan@yahoo.com,7746364937,Malang,"rxYFpZecbpg
"
186,Sharlene,Kendrick,Sharlene.Kendrick@yahoo.com,2911458219,Yogyakarta (city),"QEcsnCvcqL
"
187,Di,Toor,Di.Toor@yahoo.com,351402335,Shenzhen,"rtrlnmbW
"
188,Elmira,Charmine,Elmira.Charmine@yahoo.com,5569264843,Cairo,"eMPGKaY Eo
"
189,Lindie,Burnside,Lindie.Burnside@yahoo.com,9657739771,Nanning,"gnkQShAa
"
190,Magdalena,Schonfeld,Magdalena.Schonfeld@yahoo.com,2093081777,Blantyre,"KkYoTfTiB
"
191,Lorie,Brady,Lorie.Brady@yahoo.com,5007153754,Iquitos,"AkHduntL
"
192,Jillayne,Ardeha,Jillayne.Ardeha@yahoo.com,2262370936,Sacramento,"lFkKXTAlx
"
193,Fernande,Couture,Fernande.Couture@yahoo.com,3010690379,Yangon,"DSrZhzbpn
"
194,Demetris,Pillsbury,Demetris.Pillsbury@yahoo.com,8558745546,Nashville,"fwNTolacJ
"
195,Fawne,Gilmour,Fawne.Gilmour@yahoo.com,4732822768,Helsinki,"CfsCLFwhR
"
196,Elfreda,Dunkin,Elfreda.Dunkin@yahoo.com,6324197887,Cockburn Town,"xZfFklAMY
"
197,Myriam,Skell,Myriam.Skell@yahoo.com,3682225018,Saint John,"uHQMbtbVtEM
"
198,Quintina,Gino,Quintina.Gino@yahoo.com,4423130618,Freetown,"JcdKqSAND
"
199,Yolane,Wolfgram,Yolane.Wolfgram@yahoo.com,4317025444,Chaguanas,"fmJOVjsnukIQ
"
200,Deedee,Christal,Deedee.Christal@yahoo.com,4684153911,Surat Thani,"FaYoUrUoBHl 
"
201,Dennie,Larochelle,Dennie.Larochelle@yahoo.com,3353297238,Greenwich,"ilgpHVicz z
"
202,Quintina,Byrne,Quintina.Byrne@yahoo.com,9005240254,Townsville,"qW MIgBVs
"
203,Eve,Therine,Eve.Therine@yahoo.com,9251041794,Suez,"TrZnKzpj
"
204,Dale,Autrey,Dale.Autrey@yahoo.com,5646717231,Quezon City,"oAskBrkSw
"
205,Meghann,Vale,Meghann.Vale@yahoo.com,3498909492,Blantyre,"VpvPvkRYaeM
"
206,Ardeen,Sibyls,Ardeen.Sibyls@yahoo.com,1771284222,Niamey,"bLRoRpwMK
"
207,Lusa,Goth,Lusa.Goth@yahoo.com,5216615759,Athens,"MuvKfQWz
"
208,Aili,Goth,Aili.Goth@yahoo.com,8686831620,Shillong,"eSNFQSIoVU
"
209,Perry,Zetta,Perry.Zetta@yahoo.com,2256015604,St. Louis,"SYHVOTarR
"
210,Damaris,Seagraves,Damaris.Seagraves@yahoo.com,587289194,Dededo,"vafMrwoMHK
"
211,Raf,Yusuk,Raf.Yusuk@yahoo.com,5533795051,Ljubljana,"ZhLqNAMkfv Z
"
212,Ketti,Adrienne,Ketti.Adrienne@yahoo.com,1882266684,Saint-Pierre,"EjyVyKOuMOW
"
213,Cherilyn,Thilda,Cherilyn.Thilda@yahoo.com,412907435,Cairo,"IAtbZvKtB
"
214,Jerry,Gert,Jerry.Gert@yahoo.com,7352524521,Veracruz,"QWFhBEGxQJ
"
215,Lelah,Nadia,Lelah.Nadia@yahoo.com,6851433005,Dalian,"FfDowvYn
"
216,Elsie,Jena,Elsie.Jena@yahoo.com,1811212350,Manila,"IuXKgOohhex
"
217,Sibella,Maiah,Sibella.Maiah@yahoo.com,9180629925,Ludhiana,"CVzMvyeW
"
218,Lucille,Laurianne,Lucille.Laurianne@yahoo.com,8666838367,Louisville,"NEaKDoLowK
"
219,Carmencita,Demitria,Carmencita.Demitria@yahoo.com,731044512,Adelaide,"SPOLobmCcH
"
220,Lynea,Clarissa,Lynea.Clarissa@yahoo.com,8929348483,Mumbai,"EkOF HTpFUv
"
221,Carly,Nicoline,Carly.Nicoline@yahoo.com,6657035564,Winnipeg,"czHSuOoS
"
222,Fanchon,Haerr,Fanchon.Haerr@yahoo.com,1840047940,Hanga Roa,"zqysYaHzoFd
"
223,Dominga,Tippets,Dominga.Tippets@yahoo.com,8508071267,Montreal,"rfHIazSgjS
"
224,Farrah,Jena,Farrah.Jena@yahoo.com,5368506488,Mamoudzou,"SZdSNuFyvXZI
"
225,Verla,Jorgan,Verla.Jorgan@yahoo.com,648604169,Dublin,"FoFahBjzKx
"
226,Jerry,Margret,Jerry.Margret@yahoo.com,4438166132,Braslia,"bTJVtxTW
"
227,Nicoli,Thema,Nicoli.Thema@yahoo.com,4810464816,Nassau,"RsjlFFlP oL
"
228,Sharai,Eiser,Sharai.Eiser@yahoo.com,370118230,Milwaukee,"uAMCJckqN
"
229,Gabi,Noam,Gabi.Noam@yahoo.com,4501359150,Dhaka,"gogjBOaa
"
230,Rayna,Allare,Rayna.Allare@yahoo.com,2401385212,Namangan,"MzWhzhTprgk
"
231,Shirlee,Anis,Shirlee.Anis@yahoo.com,4055007174,Denpasar,"owUKyQb Y
"
232,Kial,Tippets,Kial.Tippets@yahoo.com,9046586157,Balikpapan,"ffmAjpxm
"
233,Marsiella,Grosz,Marsiella.Grosz@yahoo.com,9966994751,Namangan,"yOyccFwUSw
"
234,Karena,Ludewig,Karena.Ludewig@yahoo.com,9309245331,Yellowknife,"wsDQQIcCE
"
235,Candi,Sheedy,Candi.Sheedy@yahoo.com,9822125488,Malacca Town,"WgGMAifz
"
236,Lusa,Shama,Lusa.Shama@yahoo.com,4139027731,Djibouti (city),"zJOccWrf
"
237,Jere,Danby,Jere.Danby@yahoo.com,3053184772,Adak,"xTYN zfDX
"
238,Doralynne,Kaete,Doralynne.Kaete@yahoo.com,2533753466,Bujumbura," RDJoblp
"
239,Caryl,Sacken,Caryl.Sacken@yahoo.com,6704178222,Gibraltar,"DqzpyUOW
"
240,Ayn,Fry,Ayn.Fry@yahoo.com,8019731700,Rosario,"mZQPhEkZ
"
241,Georgina,Yoko,Georgina.Yoko@yahoo.com,4275420856,Naples,"EnOZxjyFA
"
242,Trixi,Bendick,Trixi.Bendick@yahoo.com,4058936255,Jeddah,"MUeUSGpJrOk
"
243,Ofilia,Bakerman,Ofilia.Bakerman@yahoo.com,1258634291,Sukhumi,"NerRFKtIcJie
"
244,Angelique,McClimans,Angelique.McClimans@yahoo.com,1118543980,Hamburg,"qV LliKS
"
245,Maye,Hoban,Maye.Hoban@yahoo.com,7443507181,Hargeisa,"giSfKdNpjQxG
"
246,Konstance,Bivins,Konstance.Bivins@yahoo.com,834390665,Longyearbyen,"eiILPBCc
"
247,Consuela,Ovid,Consuela.Ovid@yahoo.com,8062554910,La Serena,"orpREvDIjqtf
"
248,Fanny,Fulmer,Fanny.Fulmer@yahoo.com,1065857514,Leeds,"XFXiZo tQ l
"
249,Cyndie,Jaylene,Cyndie.Jaylene@yahoo.com,4955039269,Tallinn,"jLpICMQgU
"
250,Kamilah,Dyche,Kamilah.Dyche@yahoo.com,6171708520,Blantyre,"IGeocK bHF
"
251,Rebeca,Rozanna,Rebeca.Rozanna@yahoo.com,4888221478,Kharkiv,"cphzvjEyaHYz
"
252,Jorry,Thilda,Jorry.Thilda@yahoo.com,3808438799,Buffalo,"atMYUIMLyZ
"
253,Alameda,Bebe,Alameda.Bebe@yahoo.com,350986848,Hai Phong,"edDNivXFhPn
"
254,Eve,Stelle,Eve.Stelle@yahoo.com,2590338907,Hobart,"OgxJONCOEpou
"
255,Cassondra,Krystle,Cassondra.Krystle@yahoo.com,754797123,Espoo,"DTtFBNZNiLrc
"
256,Abbie,Zaslow,Abbie.Zaslow@yahoo.com,3645007177,Charlotte Amalie,"lLoCSSHrMnT
"
257,Jinny,Cordi,Jinny.Cordi@yahoo.com,2087394564,Warsaw,"TosvlLLRlstb
"
258,Mahalia,Cressida,Mahalia.Cressida@yahoo.com,6736860566,Busan,"EdjYlcwsbt 
"
259,Pollyanna,Karl,Pollyanna.Karl@yahoo.com,2832370976,Hilo,"svqAekVOc
"
260,Ayn,Bobbee,Ayn.Bobbee@yahoo.com,156788862,Alexandria,"dxygDxisXKve
"
261,Elie,Kimmie,Elie.Kimmie@yahoo.com,7079269173,Gaziantep,"ogMFyzMWPLnk
"
262,Marcy,Friede,Marcy.Friede@yahoo.com,498667882,Shanghai,"CjDXKvoWT
"
263,Coral,Kazimir,Coral.Kazimir@yahoo.com,544876209,Omdurman,"WKziKRWuEv
"
264,Hyacinthe,Kendrick,Hyacinthe.Kendrick@yahoo.com,2956490185,Pretoria,"mcqXEVYAqGf
"
265,Constance,Azeria,Constance.Azeria@yahoo.com,9950873662,Macei,"PbvDhPqa
"
266,Leia,Wooster,Leia.Wooster@yahoo.com,5942267009,Yaound,"gAzhJGhL
"
267,Penelopa,Mike,Penelopa.Mike@yahoo.com,9631198160,Krakw,"tQgPRBSOUL
"
268,Alyda,Trey,Alyda.Trey@yahoo.com,1068781589,Columbus,"AtunqoNX
"
269,Damaris,Bord,Damaris.Bord@yahoo.com,2394179247,Shillong,"tQjjBkqPg
"
270,Alie,Naashom,Alie.Naashom@yahoo.com,2273572195,Aarhus,"ErvbMGpMvkc
"
271,Nikki,Madelene,Nikki.Madelene@yahoo.com,1685572254,Tashkent,"fyBXsCvs
"
272,Kimmy,Mullane,Kimmy.Mullane@yahoo.com,3436096245,Cairns,"OjsIRWfPcd
"
273,Averyl,Beniamino,Averyl.Beniamino@yahoo.com,8762264105,Iquique,"BeKAYQSsZv
"
274,Grier,Yoko,Grier.Yoko@yahoo.com,4560154538,Makati City,"BozllCtnYSF
"
275,Florencia,Eugenia,Florencia.Eugenia@yahoo.com,6309865356,City of San Marino,"HYgSFYzjxz
"
276,Lucy,Gunn,Lucy.Gunn@yahoo.com,5931693722,Puebla,"YzrPZUEiZ
"
277,Lynea,Natica,Lynea.Natica@yahoo.com,8542297878,Boston,"vwECiKbJLfDf
"
278,Karena,Vanni,Karena.Vanni@yahoo.com,5699914574,Vientiane,"RwVegrfsDJ
"
279,Collen,Gherardo,Collen.Gherardo@yahoo.com,2750190694,Cayenne,"wcDrRWxdmE
"
280,Cyndie,Brandice,Cyndie.Brandice@yahoo.com,7932652127,Rawalpindi,"fgPWiMjnnVW
"
281,Hildegaard,Rodmann,Hildegaard.Rodmann@yahoo.com,3316268828,Sucre,"UXealkFqqNI
"
282,Ellette,Ledah,Ellette.Ledah@yahoo.com,8680377021,Lucknow,"SWGaV  Mx
"
283,Catrina,Joachim,Catrina.Joachim@yahoo.com,2371140014,Boston,"JaTzxCcQeWZ
"
284,Joleen,Loeb,Joleen.Loeb@yahoo.com,556572812,Barcelona,"YsCnwZzOCaGJ
"
285,Starla,Helfand,Starla.Helfand@yahoo.com,9597772930,Shenyang,"RPzuyZxzQPLu
"
286,Alex,Johnsson,Alex.Johnsson@yahoo.com,9389242588,Ho Chi Minh City,"lcezYYtZPmDz
"
287,Romona,Wilkinson,Romona.Wilkinson@yahoo.com,6030492444,Sofia,"geUBmEnJV
"
288,Sophia,Joseph,Sophia.Joseph@yahoo.com,9081020900,Ottawa,"yoevXEWZCELO
"
289,Corry,Yerkovich,Corry.Yerkovich@yahoo.com,785995514,Freetown,"hndNkBua
"
290,Layla,Jacinda,Layla.Jacinda@yahoo.com,7796814616,Da Nang,"TwNHVmFuCrOl
"
291,Rozele,Miru,Rozele.Miru@yahoo.com,7759456304,Bangkok,"zFoxpR j
"
292,Marti,Lea,Marti.Lea@yahoo.com,3420323679,Batticaloa,"besDwqGKmHT
"
293,Berget,Aurelio,Berget.Aurelio@yahoo.com,6141435615,Lubumbashi,"ywiocWLyBW
"
294,Feliza,Drisko,Feliza.Drisko@yahoo.com,849038403,Khartoum,"hGAkNogetK
"
295,Jeanna,Hertzfeld,Jeanna.Hertzfeld@yahoo.com,646572117,Medan,"JevHDKFF
"
296,Jeanna,Pandolfi,Jeanna.Pandolfi@yahoo.com,8528175463,Kandahar,"GKmerRpoyv
"
297,Jillayne,Evangelia,Jillayne.Evangelia@yahoo.com,1504681203,Lyon,"QINWVsxx
"
298,Kristan,Ahab,Kristan.Ahab@yahoo.com,9788131007,Ludhiana,"sDMFkzHH
"
299,Jerry,Blake,Jerry.Blake@yahoo.com,8808612263,Fairbanks,"dNXFhtdHvc
"
300,Gerrie,Gower,Gerrie.Gower@yahoo.com,6393054246,Bangui,"OVGdtSPMB O
"
301,Melanie,Reidar,Melanie.Reidar@yahoo.com,701387405,Antwerp,"fpjaTyBfwQlH
"
302,Hollie,Wilona,Hollie.Wilona@yahoo.com,8158424313,Luxor,"AfzmBuof
"
303,Madeleine,Sigfrid,Madeleine.Sigfrid@yahoo.com,7790633122,Mbabane,"GqplriLIv
"
304,Wendi,Buckler,Wendi.Buckler@yahoo.com,279291717,Wellington,"iiroRjSEBZ
"
305,Angelique,Goth,Angelique.Goth@yahoo.com,3607238594,Lubumbashi,"UJI wLUmDSR 
"
306,Darlleen,Gabrielli,Darlleen.Gabrielli@yahoo.com,5235855059,Guwahati,"hcRrxHUYU
"
307,Sidoney,Bashemeth,Sidoney.Bashemeth@yahoo.com,9781812480,Dalian,"OSszmyFX
"
308,Zia,Haldas,Zia.Haldas@yahoo.com,7968120951,Singapore,"VAAXtpOrg
"
309,Fina,Diogenes,Fina.Diogenes@yahoo.com,9699428365,Changchun,"BcDXVfGjjs
"
310,Fawne,Goth,Fawne.Goth@yahoo.com,8330161353,Andorra la Vella,"VtabUGWNH
"
311,Briney,Gaspard,Briney.Gaspard@yahoo.com,3086793665,Bern,"QUqmttVm
"
312,Rivalee,Trace,Rivalee.Trace@yahoo.com,1805067168,Jacksonville,"pZfvVCKzXoh
"
313,Joceline,Whiffen,Joceline.Whiffen@yahoo.com,4602181847,Pekanbaru,"DBuXEr WTLkj
"
314,Ezmeralda,Marijo,Ezmeralda.Marijo@yahoo.com,3765103378,rmqi,"tsmnjxta
"
315,Gwenneth,Bury,Gwenneth.Bury@yahoo.com,3433352857,Charlotte,"DBQqtniOP
"
316,Celisse,Medrek,Celisse.Medrek@yahoo.com,6052875618,Christchurch,"fwBPaJAIM
"
317,Mildrid,Mitzi,Mildrid.Mitzi@yahoo.com,5540903345,Kaohsiung,"FFvQaXtym
"
318,Hyacinthe,Fax,Hyacinthe.Fax@yahoo.com,6172306105,Abu Dhabi,"JgddCSvEuLC
"
319,Chickie,Presber,Chickie.Presber@yahoo.com,5021983450,Cleveland,"aOhfAhdvc
"
320,Jinny,Atonsah,Jinny.Atonsah@yahoo.com,6576558086,Tianjin,"oKdqXPDN
"
321,Harrietta,Cookie,Harrietta.Cookie@yahoo.com,4535510744,Vientiane,"ruclgXff
"
322,Gale,Devlen,Gale.Devlen@yahoo.com,6026874505,Palembang,"vjEierQHiLe
"
323,Karolina,Amasa,Karolina.Amasa@yahoo.com,27071837,Lilongwe,"biNbfKyUe
"
324,Morganica,Vilma,Morganica.Vilma@yahoo.com,1228714393,Udon Thani,"bHtNszRqK
"
325,Gisela,Haldas,Gisela.Haldas@yahoo.com,3787509667,Albuquerque,"reYEOagUXJt
"
326,Flory,Janith,Flory.Janith@yahoo.com,7097590714,Salt Lake City,"YpcCTykud
"
327,Meriel,Chick,Meriel.Chick@yahoo.com,9989530329,Guayaquil,"sgHKcbBm
"
328,Elvira,Tamar,Elvira.Tamar@yahoo.com,8463997135,Assis,"uLsVefOqyzX
"
329,Karolina,Hazlett,Karolina.Hazlett@yahoo.com,4933129033,Changchun,"VVQDnmOS
"
330,Rani,Wind,Rani.Wind@yahoo.com,3189106469,Wuhan,"KyjdwTLrVpyF
"
331,Diena,My,Diena.My@yahoo.com,8741836286,Riverside,"HedHeSWnL
"
332,Phedra,Weide,Phedra.Weide@yahoo.com,3955593522,Bulawayo,"wKAlJyj YUlt
"
333,Esmeralda,Vanni,Esmeralda.Vanni@yahoo.com,3887371739,Charlotte Amalie,"FZPmsBPGhmX
"
334,Margarette,Gemini,Margarette.Gemini@yahoo.com,8123237192,San Francisco,"rUuEAaHs
"
335,Dennie,Dowski,Dennie.Dowski@yahoo.com,342575370,Recife,"wYiPIziYeTbR
"
336,Libbie,Suanne,Libbie.Suanne@yahoo.com,2245776969,Milan,"CrMDUHZFXO
"
337,Agathe,Jotham,Agathe.Jotham@yahoo.com,630769022,Atlanta,"EPVZzRDBKNu
"
338,Agnese,Harday,Agnese.Harday@yahoo.com,5331793939,Graz,"mYTzRXHqkJU
"
339,Danny,Bigner,Danny.Bigner@yahoo.com,2207576174,New Orleans,"pEMOKFpXTRBt
"
340,Alejandra,Rona,Alejandra.Rona@yahoo.com,4759314905,Douglas,"JGHvRDvX
"
341,Michaelina,Ciapas,Michaelina.Ciapas@yahoo.com,4219371041,Barcelona,"HtamcCwUZfd
"
342,Pollyanna,Hull,Pollyanna.Hull@yahoo.com,9226228363,Ponta Delgada,"BROOaAukq
"
343,Arlena,O'Rourke,Arlena.O'Rourke@yahoo.com,3522737024,Papeete,"zPiZGiUio
"
344,Carly,Delp,Carly.Delp@yahoo.com,6443632502,Valletta,"kaRwXOVGl
"
345,Ariela,Felizio,Ariela.Felizio@yahoo.com,4278729180,Warsaw,"KKlXekUCkV
"
346,Gerianna,Roarke,Gerianna.Roarke@yahoo.com,3918516376,Luanda,"wOQifWDztyyX
"
347,Charissa,Hamil,Charissa.Hamil@yahoo.com,12485142,Guwahati,"LrojzzKHz
"
348,Roseline,Wadell,Roseline.Wadell@yahoo.com,6781041092,Ipoh,"rqKph K 
"
349,Clo,Kimmie,Clo.Kimmie@yahoo.com,4046284940,Lviv,"FKYSSBpuCM
"
350,Melina,Granoff,Melina.Granoff@yahoo.com,3781560296,Miri," MI gFRmE 
"
351,Tatiania,Kalinda,Tatiania.Kalinda@yahoo.com,2671121159,Kyoto,"qBRvNOcKWmj
"
352,Carmencita,Pauly,Carmencita.Pauly@yahoo.com,4133086170,Weno,"xqSGoYqXhSJj
"
353,Dacia,Gunn,Dacia.Gunn@yahoo.com,3953534635,Zapopan,"kdpzFerdpQ
"
354,Zaria,Lalitta,Zaria.Lalitta@yahoo.com,3404137050,Stockholm,"LjNhdMNG
"
355,Letizia,Jobi,Letizia.Jobi@yahoo.com,3026687715,Baku,"jYwcGMmJc
"
356,Brena,Orlene,Brena.Orlene@yahoo.com,2732518702,Yangon,"GPRYmDfDKu
"
357,Daune,Rubie,Daune.Rubie@yahoo.com,5811592460,Denver,"UZGZJaWRaX
"
358,Judy,Cimbura,Judy.Cimbura@yahoo.com,7741960772,Funafuti,"pXsNmDyqbFJH
"
359,Susan,Myrilla,Susan.Myrilla@yahoo.com,7052342845,Tskhinvali,"YrOeKGYdVu
"
360,Reeba,Susannah,Reeba.Susannah@yahoo.com,4343704431,Abu Dhabi,"pTxtES EPI
"
361,Estell,Bonucci,Estell.Bonucci@yahoo.com,8239652628,Santiago de Cuba,"ctfCgagE
"
362,Cherrita,Lunsford,Cherrita.Lunsford@yahoo.com,5724760548,Cairns,"KEtiWZYsUVhS
"
363,Sabina,Sikorski,Sabina.Sikorski@yahoo.com,4298099786,Nakhon Ratchasima,"LonpwPAst
"
364,Kaja,Fontana,Kaja.Fontana@yahoo.com,9597377941,Freetown,"GHvuubYgBQOn
"
365,Sheelagh,Ricarda,Sheelagh.Ricarda@yahoo.com,7007162077,Seattle,"QYyuVcPzPl
"
366,Vita,Weitman,Vita.Weitman@yahoo.com,8351532052,Helsinki,"NDsUbeJxgCc
"
367,Eolanda,Xerxes,Eolanda.Xerxes@yahoo.com,8308413601,Mexicali,"bvjaEQPiRhT
"
368,Marleah,Haymes,Marleah.Haymes@yahoo.com,4194293774,Prague,"OfMIpqhhry
"
369,Chere,Marsden,Chere.Marsden@yahoo.com,2409274039,Kobe,"BMZBTFll
"
370,Marsiella,Bettine,Marsiella.Bettine@yahoo.com,6932556658,Tokyo,"lfvrzvOppY
"
371,Orelia,Haymes,Orelia.Haymes@yahoo.com,6263678078,Khartoum,"oliDRRUsh
"
372,Daune,Olin,Daune.Olin@yahoo.com,9930102887,Valletta,"iKpBPoKepZ
"
373,Theodora,Idelia,Theodora.Idelia@yahoo.com,6072412754,Kingstown,"SBoeongqAnL
"
374,Lynea,Gale,Lynea.Gale@yahoo.com,8154410293,Atlanta,"gkKpQmPIe
"
375,Jere,Decato,Jere.Decato@yahoo.com,4700008915,Trshavn,"aEpFCDMXSh
"
376,Gretal,Gwenore,Gretal.Gwenore@yahoo.com,419706106,New Delhi,"DuTY fzlm
"
377,Kylynn,Dorothy,Kylynn.Dorothy@yahoo.com,1068546519,Balikpapan,"OWjqevabM
"
378,Kimberley,Larochelle,Kimberley.Larochelle@yahoo.com,784213620,Cape Town,"ihQKLWVPS
"
379,Rochette,Goth,Rochette.Goth@yahoo.com,1796967559,Iquitos,"oASSxxMFes
"
380,Tybie,Bow,Tybie.Bow@yahoo.com,2959496557,Malacca Town,"rgrlyobc
"
381,Damaris,Barney,Damaris.Barney@yahoo.com,8337889908,Karachi,"zZbqRPEXCHjm
"
382,Candi,Eugenia,Candi.Eugenia@yahoo.com,8181618126,Kingstown,"ZftkELyOLly
"
383,Trudie,Imelida,Trudie.Imelida@yahoo.com,9412862594,New Orleans,"bMJlabvZION
"
384,Amalie,Arvo,Amalie.Arvo@yahoo.com,1271566326,Kiev,"SbQuKtrFv
"
385,Sharlene,Sammons,Sharlene.Sammons@yahoo.com,5565594128,Apia,"GWTYsVMthAy
"
386,Shel,Agle,Shel.Agle@yahoo.com,4159995954,Medan,"wgGWLxdo 
"
387,Thalia,Dalli,Thalia.Dalli@yahoo.com,1698151764,Papeete,"POfhWormMv b
"
388,Brana,Prober,Brana.Prober@yahoo.com,4987344600,Pristina,"JoDbXBFl
"
389,Caressa,Nea,Caressa.Nea@yahoo.com,5974443048,Nuuk,"YPmqKRacAsIm
"
390,Lyssa,Sidonius,Lyssa.Sidonius@yahoo.com,9982898845,Zanzibar City,"uITNhIzHuG
"
391,Shandie,Abram,Shandie.Abram@yahoo.com,7076992293,Rotterdam,"Tju yxisiAPu
"
392,Orelia,Afton,Orelia.Afton@yahoo.com,4123496625,Manchester,"IyBnUmuDgO
"
393,Arlena,Nea,Arlena.Nea@yahoo.com,9855162221,Dededo,"iipcuiynix
"
394,Rosene,Belldas,Rosene.Belldas@yahoo.com,2736802737,Karachi,"JHEbpDoNP
"
395,Monika,Jary,Monika.Jary@yahoo.com,4860933648,Yamoussoukro,"aktuikVG
"
396,Valeda,Read,Valeda.Read@yahoo.com,8694343491,Palma,"DeynstBah
"
397,Jessamyn,Sibyls,Jessamyn.Sibyls@yahoo.com,1282996554,Tashkent,"PjGxyPitk
"
398,Selma,Cullin,Selma.Cullin@yahoo.com,6534093973,Wuhan,"yiBUmNheKdP
"
399,Micheline,Adlare,Micheline.Adlare@yahoo.com,669437226,Horta (Azores),"JLTCJufPVsvw
"
400,Ingrid,Pulsifer,Ingrid.Pulsifer@yahoo.com,2173348084,Lagos,"npfgMfszFOV
"
401,Claresta,Narton,Claresta.Narton@yahoo.com,5056703238,Nagpur,"bfMdkkWBmk
"
402,Bee,Baptlsta,Bee.Baptlsta@yahoo.com,9473680235,Ulan Bator,"nVrURviF 
"
403,Janis,Bennie,Janis.Bennie@yahoo.com,4500811239,Nantes,"VKA xMpAMAg
"
404,Deedee,Colleen,Deedee.Colleen@yahoo.com,6048033134,Lusaka,"VaEyKFVtF
"
405,Briney,Fiester,Briney.Fiester@yahoo.com,9031043750,Marseille,"PtWHnAPJKT
"
406,Sibella,Armanda,Sibella.Armanda@yahoo.com,2093907410,Porto-Novo,"psmJxeJWHXmR
"
407,Mignon,Brandice,Mignon.Brandice@yahoo.com,1792480376,Berlin,"LKNzfeCaWRz
"
408,Rozele,Bertold,Rozele.Bertold@yahoo.com,3103565647,St. George's,"wpCwQdUTBO
"
409,Clementine,Bates,Clementine.Bates@yahoo.com,1492247608,Portland,"tzBmCFpt
"
410,Berta,Reidar,Berta.Reidar@yahoo.com,1970291044,Maseru,"VlVTUYgmU
"
411,Angela,Philoo,Angela.Philoo@yahoo.com,7664397310,Columbus,"hEECMFlMdO
"
412,Bernie,Trey,Bernie.Trey@yahoo.com,2089158011,Abidjan,"luERiIgYF
"
413,Elora,McAdams,Elora.McAdams@yahoo.com,9747728355,Douglas,"xnkhXJMW
"
414,Clary,Craggie,Clary.Craggie@yahoo.com,8555652920,Baku,"JwRCbATLrLZt
"
415,Barbara,Oriana,Barbara.Oriana@yahoo.com,2356067376,Buffalo,"qXPRmhdcACwz
"
416,Myrtice,Alice,Myrtice.Alice@yahoo.com,9309568796,Kuala Lumpur,"DfycvrWl 
"
417,Ileana,Jammal,Ileana.Jammal@yahoo.com,7189283071,Tallinn,"cqoQIKvwEE
"
418,Christal,Kalinda,Christal.Kalinda@yahoo.com,8270509970,Pekanbaru,"RYjzzpYlBEc
"
419,Atlanta,Karylin,Atlanta.Karylin@yahoo.com,5621147026,Udon Thani,"dxOuHGWk
"
420,Elka,O'Carroll,Elka.O'Carroll@yahoo.com,8497686675,Barcelona,"MFAlxgcij
"
421,Felice,Mike,Felice.Mike@yahoo.com,8291241139,Auckland,"SBrWnQJfymG 
"
422,Diena,Ashok,Diena.Ashok@yahoo.com,2513643545,Baku,"RiZzQKhBDZg
"
423,Trudie,Edison,Trudie.Edison@yahoo.com,4897706257,Nukus,"ZzhDZgwrB
"
424,Nariko,Kellby,Nariko.Kellby@yahoo.com,4229686644,St. George's,"gzXrLCpxgzZn
"
425,Marti,Chauncey,Marti.Chauncey@yahoo.com,5255603805,Willemstad,"isdyQislds
"
426,Merrie,Santoro,Merrie.Santoro@yahoo.com,425048392,Guatemala City,"XMZZsQMMhGiZ
"
427,Blinni,Hewitt,Blinni.Hewitt@yahoo.com,7612436459,Port Blair,"qKuluJKgKuP
"
428,Tobe,Hebner,Tobe.Hebner@yahoo.com,4234129141,Puebla,"cSOLaEQehY
"
429,Hyacinthe,Liebermann,Hyacinthe.Liebermann@yahoo.com,9639698318,Makassar,"b ogZWPgFw
"
430,Roseline,Primalia,Roseline.Primalia@yahoo.com,8046304781,Almaty,"wTPAfNdM
"
431,Mildrid,Yoko,Mildrid.Yoko@yahoo.com,3449833484,Praia,"mceqFsobJvx
"
432,Clarice,Gaspard,Clarice.Gaspard@yahoo.com,5934363576,Handan,"JIVnC tIxKCH
"
433,Dione,Urias,Dione.Urias@yahoo.com,4878525535,Abuja,"RxlRarAtRI
"
434,Rori,Lissi,Rori.Lissi@yahoo.com,924371856,Melbourne,"thrZOccxR MV
"
435,Christian,Eachern,Christian.Eachern@yahoo.com,8105054795,Makati City,"poShpUgwWV
"
436,Beverley,Ezar,Beverley.Ezar@yahoo.com,9094655196,Riyadh,"yKhVtAdRXDOj
"
437,Kara-Lynn,Tatianas,Kara-Lynn.Tatianas@yahoo.com,2707096520,Liverpool,"rDEHEVjrOnIv
"
438,Angela,Quent,Angela.Quent@yahoo.com,7438172626,Thimphu,"BxGGZySBwbEV
"
439,Kore,Bashemeth,Kore.Bashemeth@yahoo.com,7076316107,Assis,"IBPTTABe
"
440,Josephine,Love,Josephine.Love@yahoo.com,814889680,Philadelphia,"UPKheKprrX
"
441,Lorie,Hilbert,Lorie.Hilbert@yahoo.com,7143335893,Phnom Penh,"cnKZWvFIAGMY
"
442,Justinn,Marcellus,Justinn.Marcellus@yahoo.com,2581371505,Tagbilaran,"ssExPuGPbn
"
443,Allyce,Holtz,Allyce.Holtz@yahoo.com,2811376016,Zanzibar City,"zjbcHXgo
"
444,Marylou,Naashom,Marylou.Naashom@yahoo.com,8460020859,Frankfurt,"GmHtsUdjb
"
445,Deloria,Sibyls,Deloria.Sibyls@yahoo.com,8058528097,Lubumbashi,"sRxXKtxby
"
446,Emelina,Concha,Emelina.Concha@yahoo.com,3277246012,Tbilisi,"CiYrwmxt
"
447,Jacenta,Ailyn,Jacenta.Ailyn@yahoo.com,1851656859,Mata-Utu,"bKbAylIs Z
"
448,Agnese,Kesley,Agnese.Kesley@yahoo.com,138496766,Sarajevo,"dbU dINaqYP
"
449,Ileana,Dex,Ileana.Dex@yahoo.com,5865365080,The Hague,"pPiWKYiAJ
"
450,Elbertina,Yuille,Elbertina.Yuille@yahoo.com,7550491633,Medina,"ZQAPPtqJhkiR
"
451,Ivett,Bonucci,Ivett.Bonucci@yahoo.com,3733635204,Ho Chi Minh City,"faLAirfU
"
452,Halette,Ailyn,Halette.Ailyn@yahoo.com,7333136592,Dededo,"NgDyuMfyHh
"
453,Briney,Bergman,Briney.Bergman@yahoo.com,8824124160,Johannesburg,"yjsavwzpJmAD
"
454,Ayn,Travax,Ayn.Travax@yahoo.com,6054872760,Nanjing,"FxngfIRlHIw
"
455,Nonnah,Jacobah,Nonnah.Jacobah@yahoo.com,1824119807,Stepanakert,"OzhYtKjJlNIA
"
456,Misha,Redmond,Misha.Redmond@yahoo.com,1548351472,Fukuoka,"WalJuVrzG
"
457,Cristabel,Trinetta,Cristabel.Trinetta@yahoo.com,7911948102,Okinawa,"SCRAZNHZrd
"
458,Christy,Goerke,Christy.Goerke@yahoo.com,3545928659,Maputo,"YmQqXlvI cZ
"
459,Adelle,Boehike,Adelle.Boehike@yahoo.com,6474579255,zmir,"MqmzKCyqyT
"
460,Lizzie,Faro,Lizzie.Faro@yahoo.com,7426983626,Luanda,"qsZsitpNOLe
"
461,Margalo,Kosey,Margalo.Kosey@yahoo.com,8124596938,Santiago,"VVMCRzyFgmJp
"
462,Harrietta,Desai,Harrietta.Desai@yahoo.com,8242662776,Vienna,"NGFnvFLzDWmC
"
463,Dode,Vorster,Dode.Vorster@yahoo.com,4218349270,Iquitos,"loDsrvsaU
"
464,Cordi,Dyche,Cordi.Dyche@yahoo.com,638508099,Forked River,"BlvlIqvXCON
"
465,Genevra,Wesle,Genevra.Wesle@yahoo.com,7105696358,Xi'an,"XcmmSyMZIny
"
466,Henriette,Colleen,Henriette.Colleen@yahoo.com,9028052949,Oranjestad,"OHaoWJBK
"
467,Elmira,Rodmann,Elmira.Rodmann@yahoo.com,7140439962,Denpasar,"hupZTMDod
"
468,Doralynne,Harned,Doralynne.Harned@yahoo.com,9452899538,Porto Velho,"rtTIoKGvVde
"
469,Teriann,Tiffa,Teriann.Tiffa@yahoo.com,4900101982,Sitka,"nXJGpqNO
"
470,Elsie,Magdalen,Elsie.Magdalen@yahoo.com,9020565961,Ibiza,"toslbvPlBMfh
"
471,Elena,Harday,Elena.Harday@yahoo.com,4958447568,Palikir,"IAPuoLbBdv
"
472,Myriam,Koehler,Myriam.Koehler@yahoo.com,3263909121,rmqi,"CudBpiWUt
"
473,Kristina,Seligman,Kristina.Seligman@yahoo.com,7672703876,Dalian,"mufkaStO
"
474,Mady,Latini,Mady.Latini@yahoo.com,4540218539,Port Vila,"DIxuBdOZ
"
475,Tera,Bertold,Tera.Bertold@yahoo.com,7900011829,Madrid,"RUyabIuxth
"
476,Chickie,Waite,Chickie.Waite@yahoo.com,7022739004,St. Louis,"yCVdarkCu
"
477,Tina,Regan,Tina.Regan@yahoo.com,6072529176,Lucknow,"nYoOUoZeKZVS
"
478,Karolina,Winnick,Karolina.Winnick@yahoo.com,7909356034,Sabha,"hekYgfnGf
"
479,Janenna,Himelman,Janenna.Himelman@yahoo.com,4746358904,Pontianak,"lYIyAoYbTuIQ
"
480,Shaine,Florina,Shaine.Florina@yahoo.com,438506039,Hargeisa,"aiYHxaeSp
"
481,Andeee,Bord,Andeee.Bord@yahoo.com,7194765402,Hamburg,"jjHyxHZB jWI
"
482,Corene,Sigfrid,Corene.Sigfrid@yahoo.com,4786010510,Agartala,"etInxiEm
"
483,Elie,Judye,Elie.Judye@yahoo.com,758210682,Berlin,"dgdOxhpVKI
"
484,Valera,Kimmie,Valera.Kimmie@yahoo.com,8137206614,Port Moresby,"aCv YQct
"
485,Marinna,Pond,Marinna.Pond@yahoo.com,9436126813,Longyearbyen,"iMpKatTvYiIF
"
486,Claresta,Tice,Claresta.Tice@yahoo.com,728927626,Turin,"RjEwRooYROB
"
487,Lila,Garrison,Lila.Garrison@yahoo.com,9139700137,Anadyr (town),"DRaEXbhZPED
"
488,Farrah,Arne,Farrah.Arne@yahoo.com,1392734603,Tamale,"LdccLhkHENs
"
489,Hettie,Clara,Hettie.Clara@yahoo.com,9199781070,Santo Domingo,"srvTbyFUlaR
"
490,Raquela,Trey,Raquela.Trey@yahoo.com,1891136223,Sapporo,"KgskgsFhAPG
"
491,Nita,Daveta,Nita.Daveta@yahoo.com,199607605,Thessaloniki,"AxuqpKWkhHVB
"
492,Marcelline,Breed,Marcelline.Breed@yahoo.com,6987119937,Berlin,"YWxivbLOX
"
493,Janenna,Thunell,Janenna.Thunell@yahoo.com,5798475765,Angra do Herosmo,"dDmPUeOfuYwp
"
494,Margarette,Mehalek,Margarette.Mehalek@yahoo.com,1588206444,Saint John,"DkYCcXyWSjm
"
495,Basia,Center,Basia.Center@yahoo.com,5955534766,Marseille,"cmtoLpoV
"
496,Hollie,Skell,Hollie.Skell@yahoo.com,4949147500,Kaohsiung,"ZkJPpFQmStB
"
497,Julieta,Donell,Julieta.Donell@yahoo.com,9315902391,Barranquilla,"M GQLdDv
"
498,Lauryn,Garek,Lauryn.Garek@yahoo.com,3596349500,Bissau,"vUpauZPvj
"
499,Madeleine,Pelagias,Madeleine.Pelagias@yahoo.com,9795175678,Gangtok,"GodBrBkvRFM
"
500,Amara,Dahlia,Amara.Dahlia@yahoo.com,2279228001,Salzburg,"bPYesAENtera
"
501,Cissiee,Jaylene,Cissiee.Jaylene@yahoo.com,4912575780,Cairo,"cidfw ajudJ
"
502,Tiffie,Garbe,Tiffie.Garbe@yahoo.com,1773139932,Buffalo,"oWAJ ue u
"
503,Agathe,Baylor,Agathe.Baylor@yahoo.com,1138222269,Macei,"g CBgpTqiP
"
504,Gisela,Evangelia,Gisela.Evangelia@yahoo.com,4897572205,Quetzaltenango,"GtGcqJqhbOWJ
"
505,Joane,Pip,Joane.Pip@yahoo.com,3061810192,Mbabane,"ILzEaFyEeVy
"
506,Correy,Alabaster,Correy.Alabaster@yahoo.com,2872508128,Roseau,"HXlIevNacD
"
507,Cristabel,Nore,Cristabel.Nore@yahoo.com,8802980682,Cologne,"JTwlosLopnaA
"
508,Vivia,Halla,Vivia.Halla@yahoo.com,2152239877,Kaliningrad,"OQLMbbJyea
"
509,Lyssa,Anton,Lyssa.Anton@yahoo.com,386532127,Singapore,"emPdygwlZm
"
510,Cathie,Pattin,Cathie.Pattin@yahoo.com,9580454086,So Tom,"EUhEiqvpYCG
"
511,Claresta,Hedve,Claresta.Hedve@yahoo.com,2509067192,Dar es Salaam,"DkwdJmMuC j
"
512,Amelia,Bouchard,Amelia.Bouchard@yahoo.com,5602384326,Stepanakert,"om kerh 
"
513,Mahalia,Zaslow,Mahalia.Zaslow@yahoo.com,3897013927,Dededo,"HLkhFgagwh
"
514,Sidoney,Douglass,Sidoney.Douglass@yahoo.com,5370689844,Austin,"zDnmTLKvgY
"
515,Wilma,Milde,Wilma.Milde@yahoo.com,7088128234,Atlanta,"RFqongKxEgTa
"
516,Barbi,Remmer,Barbi.Remmer@yahoo.com,4627037842,Wonsan,"HTsM objRCbC
"
517,Priscilla,Lytton,Priscilla.Lytton@yahoo.com,6685658620,Seville,"D qBSFBkV
"
518,Rebeca,Wenda,Rebeca.Wenda@yahoo.com,8896906104,Lom,"fMTzfmTcRs
"
519,Leona,Erich,Leona.Erich@yahoo.com,5632992098,Gothenburg,"guTiFaLO
"
520,Dominga,Delacourt,Dominga.Delacourt@yahoo.com,4368230240,Porto Velho,"kkunz bYmGs
"
521,Paulita,Buttaro,Paulita.Buttaro@yahoo.com,9746644293,Abu Dhabi,"VRdbFfJYxS
"
522,Asia,Granoff,Asia.Granoff@yahoo.com,5800895549,Dededo,"pNEJYkGDvCQz
"
523,Brooks,Colp,Brooks.Colp@yahoo.com,5819359424,Multan,"EjOwEmMrIEJL
"
524,Mary,Kamaria,Mary.Kamaria@yahoo.com,9685802633,Kano,"mOwlgtkwaWWi
"
525,Zaria,Erminia,Zaria.Erminia@yahoo.com,6412389354,Berlin,"MHBoLPzQSGjD
"
526,Julieta,Vittoria,Julieta.Vittoria@yahoo.com,5763885848,Hat Yai,"HfTOwHFEgxgD
"
527,Yetty,Halsey,Yetty.Halsey@yahoo.com,5283957861,Kaohsiung,"NHBErQqf
"
528,Kirbee,Wilona,Kirbee.Wilona@yahoo.com,9823733035,Abidjan,"uHtLmgFF
"
529,Sara-Ann,Halsey,Sara-Ann.Halsey@yahoo.com,566050662,Ahmedabad,"StHS pcrm
"
530,Giustina,Cleo,Giustina.Cleo@yahoo.com,5345605315,Surat,"hEdyyFkBhTte
"
531,Delilah,Armanda,Delilah.Armanda@yahoo.com,9816523423,Quebec City,"bWPhr JsDy
"
532,Violet,Mintz,Violet.Mintz@yahoo.com,1054342112,Xi'an,"HnMNfWtbTUs
"
533,Kara-Lynn,Dichy,Kara-Lynn.Dichy@yahoo.com,5792359335,Saint Petersburg,"YbnOYthnA
"
534,Stacey,Reidar,Stacey.Reidar@yahoo.com,8178598818,Kuwait City,"eYwJbHJa
"
535,Petronia,Tannie,Petronia.Tannie@yahoo.com,5189593639,Panama City,"MLmJmsfYLRH
"
536,Lynea,Bigner,Lynea.Bigner@yahoo.com,8699497468,Pune,"yrAAJkFR
"
537,Lory,Alfons,Lory.Alfons@yahoo.com,7185542664,Almaty,"xGzOkMQVII
"
538,Catrina,McClimans,Catrina.McClimans@yahoo.com,5192605511,Xi'an,"FmMknbYHW
"
539,Cissiee,Elephus,Cissiee.Elephus@yahoo.com,6510436333,Lom,"gfDJLOqncw
"
540,Chloris,Lymann,Chloris.Lymann@yahoo.com,1869164161,Gothenburg,"qHHMgUbZP
"
541,Raf,Stanwood,Raf.Stanwood@yahoo.com,3236244033,Lhasa,"sShToqPUAtn
"
542,Evita,Hepsibah,Evita.Hepsibah@yahoo.com,165708308,Antwerp,"tXdkoTbn
"
543,Tabbatha,Baylor,Tabbatha.Baylor@yahoo.com,7411688874,Durango,"GGnbZwHq
"
544,Arabel,Joseph,Arabel.Joseph@yahoo.com,7740869134,Washington,"Ry BYwdKP
"
545,Giustina,Sheedy,Giustina.Sheedy@yahoo.com,8133471464,Brazzaville,"NAYWbvjr
"
546,Mellicent,Judye,Mellicent.Judye@yahoo.com,9209343362,Kawasaki,"umwFhUpVuC
"
547,Hayley,Yusuk,Hayley.Yusuk@yahoo.com,9320331205,Damascus,"JPbGIpzpKs
"
548,Devina,Dearborn,Devina.Dearborn@yahoo.com,6123308990,Angra do Herosmo,"bubHxZelPplU
"
549,Charissa,Emmy,Charissa.Emmy@yahoo.com,2354271835,Salzburg,"iQnPzkADyU
"
550,Layla,Demitria,Layla.Demitria@yahoo.com,9955851229,Bern,"TKjqQEYUtB
"
551,Caressa,Oster,Caressa.Oster@yahoo.com,8642137787,Muscat,"WahUqwGeOEc
"
552,Correy,Munn,Correy.Munn@yahoo.com,9505273554,Kandy,"naiXthGjmyA
"
553,Laurene,Atcliffe,Laurene.Atcliffe@yahoo.com,8847669923,Ushuaia,"iDLttiYvSfJL
"
554,Veda,Wenda,Veda.Wenda@yahoo.com,5726319047,Calgary,"OWMrbUUu
"
555,Kore,Hertzfeld,Kore.Hertzfeld@yahoo.com,5202998515,Tartu,"DDEjkEGVPRB
"
556,Margalo,Wandie,Margalo.Wandie@yahoo.com,6781763963,Tallinn,"XgiVI goXa
"
557,Xylina,Elephus,Xylina.Elephus@yahoo.com,7652896009,Baghdad,"KlUFMMPcEzwt
"
558,Lindie,Kellby,Lindie.Kellby@yahoo.com,6333115964,Nanjing,"En CEfzZ
"
559,Jemie,Woodberry,Jemie.Woodberry@yahoo.com,958152531,Jacksonville,"xKoQtBzij
"
560,Marnia,Charity,Marnia.Charity@yahoo.com,5564978172,Bursa,"PGJ VLxKlFk
"
561,Reeba,Demitria,Reeba.Demitria@yahoo.com,5581286422,Podgorica,"WuznnrVPh
"
562,Clarice,Nickola,Clarice.Nickola@yahoo.com,3209726555,Kigali,"oiqewfVwry
"
563,Ermengarde,Nisbet,Ermengarde.Nisbet@yahoo.com,2082142591,Shenzhen,"HTZsMvWBqrn
"
564,Dede,Claudine,Dede.Claudine@yahoo.com,5025184065,Stockholm,"SijB STUp
"
565,Caressa,Braun,Caressa.Braun@yahoo.com,7284736049,Port Louis,"FOH hH zVuOB
"
566,Viviene,Oriana,Viviene.Oriana@yahoo.com,4569574860,La Serena,"JmdmVJyuCPls
"
567,Shirlee,Drisko,Shirlee.Drisko@yahoo.com,5686249971,Ouagadougou,"nBzYRNCjdC
"
568,Elena,Mayeda,Elena.Mayeda@yahoo.com,8398378013,Rio Branco,"hzdYejTE
"
569,Hannis,Barrus,Hannis.Barrus@yahoo.com,9667772717,Hanover,"HVJWAeVbKsBT
"
570,Lanna,Clara,Lanna.Clara@yahoo.com,4721440994,Ndola,"GSDGwChnVn
"
571,Michaelina,Hazlett,Michaelina.Hazlett@yahoo.com,1125722887,Amritsar,"CrMtWcHWRw
"
572,Barbara,Louanna,Barbara.Louanna@yahoo.com,9868921600,Lusaka,"saaRPDXjYxB
"
573,Aryn,Alfons,Aryn.Alfons@yahoo.com,9560903187,Luxembourg (city),"CQTtvulCf
"
574,Donetta,Fitzsimmons,Donetta.Fitzsimmons@yahoo.com,7365735352,Wollongong,"fEyyNAn qbC
"
575,Karly,Toni,Karly.Toni@yahoo.com,1088206143,Chicago,"GHIDxRpwOKL
"
576,Aryn,Schalles,Aryn.Schalles@yahoo.com,684677324,Mrida,"fNucjBDrwoI
"
577,Belinda,Moseley,Belinda.Moseley@yahoo.com,2527877031,Leeds,"vkYNwjDdtt
"
578,Winny,Stelle,Winny.Stelle@yahoo.com,2620470974,Madrid,"rvkCHHfIl
"
579,Ariela,Iphlgenia,Ariela.Iphlgenia@yahoo.com,6334603744,Split (city),"sSUTHEVq
"
580,Asia,Friede,Asia.Friede@yahoo.com,2587534201,Leipzig,"uxhshCBUo
"
581,Florencia,Shelba,Florencia.Shelba@yahoo.com,6641595530,Sitka,"kztdCtwMrskd
"
582,Reeba,Garbe,Reeba.Garbe@yahoo.com,3454172457,Glasgow,"dFSAI pgeg
"
583,Janey,Rese,Janey.Rese@yahoo.com,6183010494,Manzini,"HqyucOpck
"
584,Genovera,Bearnard,Genovera.Bearnard@yahoo.com,8167737308,Okinawa,"fvMxqSm axh
"
585,Regina,Hull,Regina.Hull@yahoo.com,8762445889,Majuro,"NFkLGrHPl
"
586,Natka,Jacqui,Natka.Jacqui@yahoo.com,3672664861,Invercargill,"UWUPMGjytYr
"
587,Vevay,Chandler,Vevay.Chandler@yahoo.com,4394372319,Yakutsk,"IrHGbyFAcLcq
"
588,Micheline,Haerr,Micheline.Haerr@yahoo.com,6248827329,Chihuahua,"bwn hchmM
"
589,Celestyna,Lorenz,Celestyna.Lorenz@yahoo.com,9086352983,Dunedin,"YbcXnCrwJuyJ
"
590,Annice,Gabrielli,Annice.Gabrielli@yahoo.com,7384847379,Vaduz,"bQbxJBQGTAc
"
591,Grier,Denis,Grier.Denis@yahoo.com,1039640063,Porto,"hMpwcsMouf
"
592,Kellen,Candy,Kellen.Candy@yahoo.com,3794291953,Philadelphia,"BAsbChAgs
"
593,Lacie,Old,Lacie.Old@yahoo.com,9580144772,Douglas,"kFcUrSNsU
"
594,Kathy,Bronk,Kathy.Bronk@yahoo.com,5308997836,Mogadishu,"ZRejh  mVFgL
"
595,Merrie,Phi,Merrie.Phi@yahoo.com,6385017248,Gdask,"EKMfxxIkDx
"
596,Alie,Gwenore,Alie.Gwenore@yahoo.com,7731499232,Astana,"yTHxQKFeWj
"
597,Nananne,Nance,Nananne.Nance@yahoo.com,5477228881,Vladivostok,"nfmEnPuHv
"
598,Merci,Suanne,Merci.Suanne@yahoo.com,8699502396,Montevideo,"JElGzoYHmsBx
"
599,Almeta,Hillel,Almeta.Hillel@yahoo.com,8236012086,Busan,"IgSbcHViVgwL
"
600,Averyl,Tengdin,Averyl.Tengdin@yahoo.com,8639253597,Manzini,"CjtyPNGfvN
"
601,Rubie,Georgy,Rubie.Georgy@yahoo.com,9762629838,Dushanbe,"lwB RvNYXXV
"
602,Melodie,Urias,Melodie.Urias@yahoo.com,1788627435,Mumbai,"xHfnDYbYByO
"
603,Vere,Forrer,Vere.Forrer@yahoo.com,6698353357,Krakw,"KOouBWWHcwln
"
604,Gisela,Ephrem,Gisela.Ephrem@yahoo.com,7573006075,Sukhumi,"VVVPimiic Kt
"
605,Jany,Peonir,Jany.Peonir@yahoo.com,6264819355,Cockburn Town,"xF ERjDqUUl
"
606,Tonia,Rooney,Tonia.Rooney@yahoo.com,4787783930,Jerusalem,"jyDvsvLo
"
607,Rivalee,Alabaster,Rivalee.Alabaster@yahoo.com,7145673514,Rio Branco,"jvzcRcfIv
"
608,Briney,Skurnik,Briney.Skurnik@yahoo.com,6415980293,Calgary,"UrsmXlxRHpZV
"
609,Belva,Talia,Belva.Talia@yahoo.com,2591187633,Espoo,"nytxbztJZqMV
"
610,Pierette,Bluh,Pierette.Bluh@yahoo.com,4344033860,Ahmedabad,"MqVUOSp 
"
611,Stacey,Hedve,Stacey.Hedve@yahoo.com,2862876390,Podgorica,"ElXpVtHmg  
"
612,Roberta,Delila,Roberta.Delila@yahoo.com,8583497059,Porto Velho,"wtNRZFAU YU
"
613,Gwenneth,Girardo,Gwenneth.Girardo@yahoo.com,4984057288,Hagta,"xYrxTUyvsYlS
"
614,Kore,Pozzy,Kore.Pozzy@yahoo.com,7756014957,London,"miZJSWTtuHh
"
615,Leeanne,Brenn,Leeanne.Brenn@yahoo.com,6292425582,Tel Aviv,"aGDcqeYuFjfC
"
616,Desirae,Lorenz,Desirae.Lorenz@yahoo.com,5849275902,Dunedin,"NZVLVTTQE
"
617,Yetty,Morrill,Yetty.Morrill@yahoo.com,2568003033,Chongqing,"MmaPZRXQYlB
"
618,Rozele,Brenn,Rozele.Brenn@yahoo.com,7220769519,Santa Cruz de Tenerife,"uNGLrkNZmL
"
619,Beverley,Nicoline,Beverley.Nicoline@yahoo.com,6242139561,Malabo,"jNqnGvuehOE
"
620,Ermengarde,Kazimir,Ermengarde.Kazimir@yahoo.com,9706343194,Jerusalem,"tHvQaOrEtz
"
621,Alia,Sammons,Alia.Sammons@yahoo.com,5727857771,The Hague,"OzPxJity
"
622,Trudie,Plato,Trudie.Plato@yahoo.com,2518752882,Gdask,"jFpHDuB Rb
"
623,Emilia,Ventre,Emilia.Ventre@yahoo.com,9981275026,Helsinki,"qSsVRiorT
"
624,Harmonia,Hull,Harmonia.Hull@yahoo.com,5785191761,Agartala,"hTKHCMay
"
625,Anallese,Audly,Anallese.Audly@yahoo.com,6779045692,Mata-Utu,"eQqe LBynKDU
"
626,Eve,Thilda,Eve.Thilda@yahoo.com,1029800942,Salt Lake City,"ARPdwRuDbigq
"
627,Rhea,Eliathas,Rhea.Eliathas@yahoo.com,9160102000,Charlotte Amalie,"TQzpNLjV
"
628,Inga,Thad,Inga.Thad@yahoo.com,8768235976,Ndola," unvRbiYR
"
629,Sadie,Bivins,Sadie.Bivins@yahoo.com,7164273814,Jinan,"IbVCjoAFoXHY
"
630,Allis,Dimitris,Allis.Dimitris@yahoo.com,6952795405,Baltimore,"yXlVUUYB
"
631,Charissa,Marijo,Charissa.Marijo@yahoo.com,6294305424,Gaborone,"krWQNZsC
"
632,Gisela,Lindemann,Gisela.Lindemann@yahoo.com,1613179290,Ulan Bator,"LsKHXXFepfFo
"
633,Addia,Prouty,Addia.Prouty@yahoo.com,9607872016,New York City,"WNxBoLicW
"
634,Bobbi,Pascia,Bobbi.Pascia@yahoo.com,1801784891,Konya,"EFNvApPTrAsn
"
635,Mary,Sammons,Mary.Sammons@yahoo.com,3143767345,Nassau,"uUFpCChXoUB
"
636,Hallie,Garlinda,Hallie.Garlinda@yahoo.com,8732170931,Andorra la Vella,"VMJOlGdP
"
637,Lyssa,Pozzy,Lyssa.Pozzy@yahoo.com,8635793654,Adana,"WxXOlfTRD
"
638,Suzette,Even,Suzette.Even@yahoo.com,9744335841,Patna,"TqsLwkweq
"
639,Joy,Kristi,Joy.Kristi@yahoo.com,7047481165,Seville,"coBrfHPEmGbj
"
640,Jessy,Yorick,Jessy.Yorick@yahoo.com,4679499821,Port-au-Prince,"RxASWbQfi
"
641,Carilyn,Loeb,Carilyn.Loeb@yahoo.com,6285809403,Tallinn,"rTJradZGwnE
"
642,Barbara,Stacy,Barbara.Stacy@yahoo.com,2594621811,Santiago de Cuba,"prehbcAsRx
"
643,Luci,Granoff,Luci.Granoff@yahoo.com,5881164482,Yakutsk,"QmANPdpV 
"
644,Nananne,Wareing,Nananne.Wareing@yahoo.com,4574077415,Dunedin,"QVjVRqDfqimh
"
645,Kirbee,Tjon,Kirbee.Tjon@yahoo.com,2420267294,Turin,"ZnLZRlBUu
"
646,Lorne,Levey,Lorne.Levey@yahoo.com,5510367917,Juneau,"HJtZxtIhfhMo
"
647,Ayn,Amasa,Ayn.Amasa@yahoo.com,3061691964,Angra do Herosmo,"wMeqlLLwG
"
648,Babita,Adlare,Babita.Adlare@yahoo.com,1622089389,Bangalore,"wOlvdVVG
"
649,Darlleen,Bahr,Darlleen.Bahr@yahoo.com,5893152679,Port Said,"CHbMlVZRkRjS
"
650,Micheline,Burnside,Micheline.Burnside@yahoo.com,3135227886,Veracruz,"OozYaFIf
"
651,Hollie,Raseda,Hollie.Raseda@yahoo.com,6023996062,Astana,"nVUgFfFUA
"
652,Jolyn,Killigrew,Jolyn.Killigrew@yahoo.com,3132131487,City of San Marino,"Zt RfXMBqgZh
"
653,Danika,Stuart,Danika.Stuart@yahoo.com,7888243302,Montreal,"DjmK rlwq
"
654,Chloris,Zachary,Chloris.Zachary@yahoo.com,3678175889,Kandy,"jiScyCYCAxn
"
655,Cherrita,Faria,Cherrita.Faria@yahoo.com,5605519939,Austin,"ZtdJpzKDdF
"
656,Nataline,Catie,Nataline.Catie@yahoo.com,3013656150,Mexicali,"lRCACJnudgrf
"
657,Althea,Afton,Althea.Afton@yahoo.com,472124848,Los Angeles,"MAMVHSmJXvg
"
658,Babita,Schenck,Babita.Schenck@yahoo.com,8871480417,Las Vegas,"EakQZeoKZP
"
659,Alejandra,Casimir,Alejandra.Casimir@yahoo.com,4645100034,Seattle,"PtvOCEeyhF
"
660,Vonny,Dawkins,Vonny.Dawkins@yahoo.com,3388237455,Maseru,"EeRsDQdV
"
661,Ardys,Minetta,Ardys.Minetta@yahoo.com,6058045830,Osaka,"DjGHbvMsbEp
"
662,Kerrin,Alisia,Kerrin.Alisia@yahoo.com,8555775064,Jeddah,"JSwbp axWWj
"
663,Jaclyn,Adamsen,Jaclyn.Adamsen@yahoo.com,7651680357,Montevideo,"imAR VTXxZ
"
664,Dotty,Garlinda,Dotty.Garlinda@yahoo.com,2819992731,Athens,"erLMVAyL
"
665,Darci,Shuler,Darci.Shuler@yahoo.com,2838452831,Norilsk,"uWwQmlAFJO 
"
666,Jeanna,McCutcheon,Jeanna.McCutcheon@yahoo.com,7200894815,Marseille,"WjdhIzb bjn
"
667,Jerry,Clie,Jerry.Clie@yahoo.com,5805124971,Perth,"CzEbFDuesYQ
"
668,Kristina,Cordi,Kristina.Cordi@yahoo.com,7115171062,Cusco,"pkJjICLIry
"
669,Clary,Mendez,Clary.Mendez@yahoo.com,3401268423,Port of Spain," ZQABgPpF
"
670,Marylou,Olympium,Marylou.Olympium@yahoo.com,6640773670,Kiev,"fvOpUmXbcuhD
"
671,Dorothy,Honoria,Dorothy.Honoria@yahoo.com,7793527699,Norilsk,"hmxQhHaYh
"
672,Juliane,Lemuela,Juliane.Lemuela@yahoo.com,7638112056,Asuncin,"dIBeHdlRXbhA
"
673,Zondra,Marcellus,Zondra.Marcellus@yahoo.com,7464439696,Kharkiv,"JlZHHiQrKL
"
674,Stacey,Fitzsimmons,Stacey.Fitzsimmons@yahoo.com,8078644846,Hanover,"jUnHqKGrVjT
"
675,Antonietta,Bebe,Antonietta.Bebe@yahoo.com,7578841175,Port Hedland,"rOkMdJGuzk
"
676,Kary,Wandie,Kary.Wandie@yahoo.com,7972859963,Wuhan,"laXJnffjPolh
"
677,Fred,Flyn,Fred.Flyn@yahoo.com,6792192004,San Salvador,"JHJmlssNmbzR
"
678,Pamella,Korey,Pamella.Korey@yahoo.com,2130777217,Shillong,"byxCtUSFoMh
"
679,Lanna,Bow,Lanna.Bow@yahoo.com,2903347945,Phnom Penh,"HkbnDRniWG
"
680,Desirae,Erb,Desirae.Erb@yahoo.com,2940596661,Sucre,"zWPxcOZDwV
"
681,Ingrid,Colbert,Ingrid.Colbert@yahoo.com,327338337,Algiers,"bDYWDSySQo
"
682,Adelle,Sallyann,Adelle.Sallyann@yahoo.com,5870104245,Stuttgart,"LEWLSnwJjX 
"
683,Tatiania,Karylin,Tatiania.Karylin@yahoo.com,9500413393,Nizhny Novgorod,"IyValMzUV
"
684,Sybille,Hedve,Sybille.Hedve@yahoo.com,2999641659,Geelong,"CnMLpkND
"
685,Tatiania,Iphlgenia,Tatiania.Iphlgenia@yahoo.com,2359002393,Darwin,"DwnMZruejHoE
"
686,Meg,Colbert,Meg.Colbert@yahoo.com,2733314965,Puerto Williams,"MpXRwBZkZyr
"
687,Jacenta,Kendrick,Jacenta.Kendrick@yahoo.com,6160133384,Mashhad,"wjxcvPtly
"
688,Goldie,Posner,Goldie.Posner@yahoo.com,9527375873,Port Moresby,"V BBGJSHxn
"
689,Jolyn,Kat,Jolyn.Kat@yahoo.com,8300351100,Split (city),"PXxwWqxeY
"
690,Rozele,Lauraine,Rozele.Lauraine@yahoo.com,67141,Medelln,"fAtZFrZYW
"
691,Rubie,Lipson,Rubie.Lipson@yahoo.com,274843333,Dushanbe,"UxnxfDWf
"
692,Roslyn,Liebermann,Roslyn.Liebermann@yahoo.com,2940634621,Kinshasa,"wsZOXmtuuYB
"
693,Keelia,Giff,Keelia.Giff@yahoo.com,771001299,Atlanta,"KAa UOzYJ
"
694,Blake,Erskine,Blake.Erskine@yahoo.com,4529354688,Charlotte,"SsKwbZYQ
"
695,Robinia,Ader,Robinia.Ader@yahoo.com,4456400457,Gibraltar,"lCVkSXxjaXH
"
696,Beatriz,Ball,Beatriz.Ball@yahoo.com,1143027644,Djibouti (city),"DPtIIsvIff
"
697,Max,LaRue,Max.LaRue@yahoo.com,6877108259,Mrida,"pJDuRwBN
"
698,Mady,Pillsbury,Mady.Pillsbury@yahoo.com,1942742062,Anchorage,"wSkuVTmbe
"
699,Renae,Codding,Renae.Codding@yahoo.com,1912221690,Bridgetown,"OfZnj reDbLz
"
700,Goldie,Corrine,Goldie.Corrine@yahoo.com,6386582819,Magadan,"MNZaatSbQE
"
701,Olwen,Dowski,Olwen.Dowski@yahoo.com,6977492820,Antananarivo,"PedTsYEz
"
702,Celisse,Knowling,Celisse.Knowling@yahoo.com,2231769055,Yekaterinburg,"DxfKIlQVLvnR
"
703,Atlanta,Shirberg,Atlanta.Shirberg@yahoo.com,8412217024,Cockburn Town,"uzAIbwPt
"
704,Briney,Ellerey,Briney.Ellerey@yahoo.com,4910911439,Gibraltar,"kqacPHpG
"
705,Melanie,Lemuela,Melanie.Lemuela@yahoo.com,4117483303,Hanoi,"HkXDpRPWZpq
"
706,Amelia,Wattenberg,Amelia.Wattenberg@yahoo.com,387797315,Pontianak,"NbdsCzWJQm
"
707,Rhea,Euridice,Rhea.Euridice@yahoo.com,5808037933,Macei,"oyydaxEsEV
"
708,Sophia,Bergman,Sophia.Bergman@yahoo.com,801607270,Muscat,"AregjHIMFij
"
709,Giustina,Linskey,Giustina.Linskey@yahoo.com,2465830788,Xining,"IqOuyQhqbi
"
710,Therine,Clarissa,Therine.Clarissa@yahoo.com,8611215488,Leipzig,"ShJdbcuSWpCX
"
711,Philis,Berl,Philis.Berl@yahoo.com,9373152537,Islamabad,"IkRAMjXkaM
"
712,Valli,Lumbard,Valli.Lumbard@yahoo.com,7329214641,Manaus,"GiHhhfibqxFP
"
713,Vinita,Jammal,Vinita.Jammal@yahoo.com,3175505233,Macap,"vhWnoQMjxUn
"
714,Augustine,Cyrie,Augustine.Cyrie@yahoo.com,6096503419,Las Vegas,"GuDAzk Tq
"
715,Tonia,Hermes,Tonia.Hermes@yahoo.com,7774080469,Columbus,"YdUXnZuPEmWd
"
716,Magdalena,Sammons,Magdalena.Sammons@yahoo.com,9011116682,Hamburg,"VhFoUUJJZyIt
"
717,Gratia,Paine,Gratia.Paine@yahoo.com,6308868522,Makassar,"xKKOYgLXU
"
718,Cherilyn,Gregrory,Cherilyn.Gregrory@yahoo.com,3816839683,Kaliningrad,"vXaQfzuDhJyW
"
719,Meghann,Germann,Meghann.Germann@yahoo.com,4612549090,Kano,"nqjLzLOMgM
"
720,Netty,Verger,Netty.Verger@yahoo.com,406900919,Split (city),"VLEDvzktd
"
721,Malina,Adrienne,Malina.Adrienne@yahoo.com,3693374371,Kaohsiung,"DhKl sPtfxc
"
722,Gretal,Klotz,Gretal.Klotz@yahoo.com,1790866555,Nukualofa,"fuGicuDNrln
"
723,Tarra,Thunell,Tarra.Thunell@yahoo.com,5648092723,Singapore,"bJRdLxFAagS
"
724,Ariela,Stephie,Ariela.Stephie@yahoo.com,43660165,Madrid,"peZZM zhre
"
725,Lenna,Oneida,Lenna.Oneida@yahoo.com,2044048388,Cotonou,"qQzmCECWgJe
"
726,Jinny,Gavrila,Jinny.Gavrila@yahoo.com,7599230878,Vancouver,"IYUmbIQjfuI
"
727,Bee,Sprage,Bee.Sprage@yahoo.com,2469766106,Zapopan,"bpNdagih
"
728,Hannis,Meli,Hannis.Meli@yahoo.com,8651621426,Udon Thani,"QfTLMbLSp
"
729,Maisey,Lauraine,Maisey.Lauraine@yahoo.com,501395617,Monaco,"wRzvjAWOj
"
730,Tierney,Sheedy,Tierney.Sheedy@yahoo.com,6565358123,Leeds,"ZiInJSNaH
"
731,Florencia,Delila,Florencia.Delila@yahoo.com,2167053610,Luxembourg (city),"knmMYTvkw
"
732,Wileen,Hillel,Wileen.Hillel@yahoo.com,8125474756,Malm,"iFX kbarvJ
"
733,Sue,Felizio,Sue.Felizio@yahoo.com,4673918260,Seville,"ISDXDPWQZN
"
734,Ann-Marie,Gower,Ann-Marie.Gower@yahoo.com,430247019,San Fernando,"zuOCCCyoUjpp
"
735,Patricia,Niles,Patricia.Niles@yahoo.com,4304010913,Moscow,"qMCxQXbCmrxX
"
736,Joleen,Bollay,Joleen.Bollay@yahoo.com,6219716085,Zanzibar City,"KJGvbohUNfbf
"
737,Elka,Means,Elka.Means@yahoo.com,9221583737,Louisville,"qYNbHxrGeI
"
738,Deirdre,Dex,Deirdre.Dex@yahoo.com,7760831983,Kingston,"vIDYtkRTCxoF
"
739,Darci,Jacobah,Darci.Jacobah@yahoo.com,4378986676,Quezon City,"NHZkUQtQEG
"
740,Catrina,Sperling,Catrina.Sperling@yahoo.com,9285010235,Milwaukee,"dWYQThaES
"
741,Sadie,Andrel,Sadie.Andrel@yahoo.com,7158841370,Hamburg,"SMEGnbSc o
"
742,Kassey,Gwenore,Kassey.Gwenore@yahoo.com,3781678129,Stockholm,"lYannXTXXAzD
"
743,Carmela,Bashemeth,Carmela.Bashemeth@yahoo.com,951392823,Tunis,"toEoDSFTvCaX
"
744,Michaelina,Blase,Michaelina.Blase@yahoo.com,5021290991,La Paz,"BhuoUKW o
"
745,Cristine,Mitzi,Cristine.Mitzi@yahoo.com,1230055717,Manchester,"Megft jTcK
"
746,Trudie,Amasa,Trudie.Amasa@yahoo.com,1609334731,Whitehorse,"TiqwoYCY
"
747,Jorry,Nore,Jorry.Nore@yahoo.com,2314419788,Tel Aviv,"CeydIeQam
"
748,Sarette,Destinee,Sarette.Destinee@yahoo.com,7671635322,Athens,"VqoYYKEA
"
749,Ayn,Anyah,Ayn.Anyah@yahoo.com,132087578,Bratislava,"QcxPEIcqxac
"
750,Codie,Wittie,Codie.Wittie@yahoo.com,5343942967,Valparaso,"wLPjNVtQOeL
"
751,Frank,Gaal,Frank.Gaal@yahoo.com,374530848,Newcastle,"LonDjMCVs
"
752,Bettine,Shelba,Bettine.Shelba@yahoo.com,865973081,Yerevan,"pioiiQKOZS
"
753,Anica,Stoller,Anica.Stoller@yahoo.com,4547848847,Valdivia,"EWKnGdTkvjc
"
754,Kaia,Peti,Kaia.Peti@yahoo.com,9937820137,Yakutsk,"mEmItZQEBhHG
"
755,Luci,Lalitta,Luci.Lalitta@yahoo.com,3042818774,Minneapolis,"JAVBFNVHz
"
756,Ivett,Manolo,Ivett.Manolo@yahoo.com,7755104494,San Salvador,"VvTELjwuc
"
757,Cristine,Alva,Cristine.Alva@yahoo.com,5469913145,Oslo,"PcUkiwAuMRDY
"
758,Damaris,Ricki,Damaris.Ricki@yahoo.com,7708229107,Tiraspol,"LiAhiekYBr
"
759,Valera,Billye,Valera.Billye@yahoo.com,4889293400,Pago Pago,"WXBgcxbkX
"
760,Alejandra,Ramona,Alejandra.Ramona@yahoo.com,1619356784,Kobe,"XzfsgRnvNYn
"
761,Roz,Tryck,Roz.Tryck@yahoo.com,5233196840,Mecca,"RNqiyisq
"
762,Shaine,Ajay,Shaine.Ajay@yahoo.com,7780980009,Porto Alegre,"m  jTkffPNBg
"
763,Cecile,Wareing,Cecile.Wareing@yahoo.com,1704027592,Rabat,"gVwpbZLKxG
"
764,Jacquetta,Strephon,Jacquetta.Strephon@yahoo.com,7829452005,Tokyo,"ipkHQFSVZnnW
"
765,Gratia,Weaks,Gratia.Weaks@yahoo.com,8658441616,Pyongyang,"iatyEGhcOIad
"
766,Binny,Rosette,Binny.Rosette@yahoo.com,1658098690,Iqaluit,"bVfHnmUhceT
"
767,Amalie,Vastah,Amalie.Vastah@yahoo.com,8688962628,Kansas City,"sobGbaATHk
"
768,Madeleine,Sigfrid,Madeleine.Sigfrid@yahoo.com,6801609784,Sitka,"RYWHInvyXDSu
"
769,Hyacinthe,Peti,Hyacinthe.Peti@yahoo.com,492107597,Gaziantep,"GdsAMvYcDih
"
770,Jan,Lay,Jan.Lay@yahoo.com,7870711336,Tunis,"ajsApDETqgy
"
771,Morganica,Dimitris,Morganica.Dimitris@yahoo.com,5601817407,Perth,"xWAsUMsIMcYX
"
772,Carol-Jean,Dowski,Carol-Jean.Dowski@yahoo.com,8541869746,Kharkiv,"UKePuMRvZi
"
773,Kimmy,Callista,Kimmy.Callista@yahoo.com,2418660624,Pyongyang,"YboRKEWFCN
"
774,Lyssa,Delp,Lyssa.Delp@yahoo.com,2679650607,Geelong,"dZJzbVoUWkif
"
775,Paule,Japeth,Paule.Japeth@yahoo.com,2100694826,Bloemfontein,"NDdReSdEoXb
"
776,Lauryn,Silvan,Lauryn.Silvan@yahoo.com,2517715765,Hiroshima,"OhPTjJCqWqtb
"
777,Ricky,Amethist,Ricky.Amethist@yahoo.com,9554324364,Omdurman,"j SGfAmR
"
778,Lisette,Uird,Lisette.Uird@yahoo.com,6561404275,Rosario,"VhI LCwDrsO
"
779,Tani,Greenwald,Tani.Greenwald@yahoo.com,6917387519,Nizhny Novgorod,"mNBzncuR
"
780,Rochette,Glovsky,Rochette.Glovsky@yahoo.com,6686318085,Tokyo,"jlGgCrpEFVAf
"
781,Layla,Malanie,Layla.Malanie@yahoo.com,6404389949,Kaliningrad,"etAhWhBYH
"
782,Etta,Atcliffe,Etta.Atcliffe@yahoo.com,4007703284,Pristina,"UaKlbrJe
"
783,Mariann,Toffic,Mariann.Toffic@yahoo.com,2861102867,Dallas,"RltWhXHc
"
784,Misha,Glenden,Misha.Glenden@yahoo.com,4182797146,Kaohsiung,"EEKDgLCaLNSA
"
785,Barbi,Joseph,Barbi.Joseph@yahoo.com,3788753760,Mlaga,"PCJzYCjt H
"
786,Adore,Elbertina,Adore.Elbertina@yahoo.com,145128108,Chittagong,"LVeOTwVn
"
787,Gaylene,Obed,Gaylene.Obed@yahoo.com,7562946174,Gold Coast,"JZIEolPEtRBq
"
788,Rosabelle,Wittie,Rosabelle.Wittie@yahoo.com,4577819518,Tripoli,"KfStLyPew
"
789,Helsa,Charity,Helsa.Charity@yahoo.com,9434283622,Sapporo,"oxtNNDnO
"
790,Glenda,Laverne,Glenda.Laverne@yahoo.com,3216827743,Nizhny Novgorod,"BbWuohEUw
"
791,Nicoli,Lindemann,Nicoli.Lindemann@yahoo.com,655982798,Split (city),"doUlZyexjOlk
"
792,Gerrie,Annice,Gerrie.Annice@yahoo.com,6642434318,Gothenburg,"ZDjnDZKPesWj
"
793,Brietta,Juliet,Brietta.Juliet@yahoo.com,9580710726,Perth,"vloiMFgiijlm
"
794,Randa,Cosenza,Randa.Cosenza@yahoo.com,2925690068,Cusco,"ULUUISZuVTRi
"
795,Juliane,Ralfston,Juliane.Ralfston@yahoo.com,6774272827,Tehran,"DdyvWZjxM
"
796,Emmey,Monk,Emmey.Monk@yahoo.com,8916899070,Douglas,"JqBsmUTRHwJf
"
797,Riannon,Willie,Riannon.Willie@yahoo.com,513140146,Santiago de Cuba,"a abTYDwUnGF
"
798,Laurene,Whittaker,Laurene.Whittaker@yahoo.com,3087110679,Madrid,"Y ueaCAReOYp
"
799,Nikki,Saint,Nikki.Saint@yahoo.com,4581238601,Tallinn,"rhptdCTV
"
800,Linzy,Hedve,Linzy.Hedve@yahoo.com,737912535,Jeddah,"yvGSB BTnF
"
801,Jean,Anyah,Jean.Anyah@yahoo.com,2603144890,Pristina,"AyOmJlXLvoTG
"
802,Orsola,Parsaye,Orsola.Parsaye@yahoo.com,5060427120,Lyon,"vICbmtgh
"
803,Rebeca,Mike,Rebeca.Mike@yahoo.com,2914393241,Jeddah,"AOmbZaIx
"
804,Berget,Winthorpe,Berget.Winthorpe@yahoo.com,7123723439,Puerto Williams,"mfZGwngzeM
"
805,Mignon,Rodmann,Mignon.Rodmann@yahoo.com,2418989256,Ankara,"sJnEjvPyBMN
"
806,Queenie,Martsen,Queenie.Martsen@yahoo.com,5990923391,Hangzhou,"MQeDZFKjNPEr
"
807,Alexine,Tiffa,Alexine.Tiffa@yahoo.com,4305958359,Tucson,"M sLbwstlMx
"
808,Shaine,Janene,Shaine.Janene@yahoo.com,8644751860,Athens,"M ywYGUAcP
"
809,Marika,Skell,Marika.Skell@yahoo.com,7447201974,Vatican City,"XiecoOsdshw
"
810,Angelique,Stoller,Angelique.Stoller@yahoo.com,7821035562,Francistown,"IREcXTnlJZ
"
811,Edee,Orlene,Edee.Orlene@yahoo.com,8658551159,Madrid,"TCaVWIawMk
"
812,Mathilda,Hanshaw,Mathilda.Hanshaw@yahoo.com,1962723618,Sapporo,"qbxPRONZW
"
813,Harrietta,Papageno,Harrietta.Papageno@yahoo.com,6021015959,Zamboanga City,"UMAZygKAqa
"
814,Joelly,Allina,Joelly.Allina@yahoo.com,5004167587,Kinshasa,"aWwMDZqNyyGB
"
815,Susette,Maisey,Susette.Maisey@yahoo.com,4640595944,La Serena,"IpLyONFg
"
816,Jere,Peti,Jere.Peti@yahoo.com,7320975646,Santiago de Cuba,"YruHRpYkEeo
"
817,Roseline,Weaks,Roseline.Weaks@yahoo.com,2086863632,Belgrade,"pscHQYdDkK A
"
818,Goldie,Hanleigh,Goldie.Hanleigh@yahoo.com,7938780520,New Orleans,"K KVncBZQfGN
"
819,Dania,Thomasina,Dania.Thomasina@yahoo.com,2736647869,Kharkiv,"VXDksiOF
"
820,Karly,Buttaro,Karly.Buttaro@yahoo.com,8545834352,Enugu,"koPtXEStFwB
"
821,Karolina,Shanley,Karolina.Shanley@yahoo.com,970917075,Ahmedabad,"ZgNmAiss
"
822,Shel,Selway,Shel.Selway@yahoo.com,7442889863,Mlaga,"PLlyfgLwNa
"
823,Wilma,Prouty,Wilma.Prouty@yahoo.com,7481084486,Fort-de-France,"WBkFarqspT
"
824,Kittie,Tillford,Kittie.Tillford@yahoo.com,1311828313,Marseille,"XNuvHiHfsG
"
825,Dotty,Lia,Dotty.Lia@yahoo.com,2850175558,Kandahar,"SjBbxOYuN
"
826,Norine,Elvyn,Norine.Elvyn@yahoo.com,717558383,Marrakech,"YpnavZUNUVa 
"
827,Feliza,Tacye,Feliza.Tacye@yahoo.com,9581672304,Nantes,"Vy ozudo
"
828,Ezmeralda,Stav,Ezmeralda.Stav@yahoo.com,8984055971,Tel Aviv,"xxfeRxTMu
"
829,Kirbee,Kronfeld,Kirbee.Kronfeld@yahoo.com,5173530042,Athens,"xcPwgkgaFzz
"
830,Cam,Lareena,Cam.Lareena@yahoo.com,5327785183,St. John's,"dJREKXp 
"
831,Tabbatha,Dermott,Tabbatha.Dermott@yahoo.com,2492992795,Doha,"BuZOFWdLuGoK
"
832,Merry,Maryanne,Merry.Maryanne@yahoo.com,7462888457,Lom,"LiO EodpbNz
"
833,Kylynn,Muriel,Kylynn.Muriel@yahoo.com,3562025280,Antananarivo,"IQelxVAf
"
834,Desirae,Barney,Desirae.Barney@yahoo.com,611678799,Pekanbaru,"tFmmyFvyac
"
835,Ninnetta,Verger,Ninnetta.Verger@yahoo.com,1651511311,Suva,"iEGgpnJAE
"
836,Katharina,My,Katharina.My@yahoo.com,719406835,Palma,"ylDBdKtor
"
837,Harrietta,Merat,Harrietta.Merat@yahoo.com,6269811904,Montreal,"dSroTBGg
"
838,Frank,Gamaliel,Frank.Gamaliel@yahoo.com,2962388379,Osaka,"WYWCeGrEZAfH
"
839,Lorie,Halla,Lorie.Halla@yahoo.com,4904956490,Nassau,"ZdEKPPCg
"
840,Sue,Carvey,Sue.Carvey@yahoo.com,988745496,Campo Grande,"DXmiVldpmFtO
"
841,Elena,Riva,Elena.Riva@yahoo.com,1714409235,Hyderabad,"sHcrLfhax
"
842,Di,Sothena,Di.Sothena@yahoo.com,2734142389,Leeds,"Xridmszda
"
843,Genevra,Yam,Genevra.Yam@yahoo.com,3622957189,Tabriz,"zMunPvTSZN
"
844,Tarra,Loring,Tarra.Loring@yahoo.com,9876028909,Mendoza,"QsATqKNEWP
"
845,Cathyleen,Ciro,Cathyleen.Ciro@yahoo.com,3237792636,Turin,"qnQGSkcCi
"
846,Aryn,Tengdin,Aryn.Tengdin@yahoo.com,4821202207,Rabi Island,"NrBEGTTEzfhm
"
847,Charlena,Dash,Charlena.Dash@yahoo.com,6668607873,Pretoria,"NnjouOkGY
"
848,Vivia,Mathilde,Vivia.Mathilde@yahoo.com,7907468888,Cologne,"EaZXjHUFZB
"
849,Carolina,Lareena,Carolina.Lareena@yahoo.com,7638347614,Willemstad,"blwibYBzf
"
850,Lorne,Karna,Lorne.Karna@yahoo.com,9484554736,Athens,"XdDau QcD  
"
851,Riannon,Toni,Riannon.Toni@yahoo.com,12864141,Novosibirsk,"sMSLnumcFgtm
"
852,Nanete,Clara,Nanete.Clara@yahoo.com,9731957215,Shigatse,"zyWzVxizJB
"
853,Calla,Earlie,Calla.Earlie@yahoo.com,9894028432,Dhaka,"xJs DghUu
"
854,Courtnay,Ader,Courtnay.Ader@yahoo.com,5266586269,Nassau,"JbmUIZatgen
"
855,Melina,Sothena,Melina.Sothena@yahoo.com,7132115184,Sabha,"zklVbdwwNfbG
"
856,Fredericka,Fancie,Fredericka.Fancie@yahoo.com,8542389814,Mersin,"QzAzbnUbXuRd
"
857,Bobinette,Ammann,Bobinette.Ammann@yahoo.com,3722960314,Labasa,"NBhLTkWltfD
"
858,Sindee,Franza,Sindee.Franza@yahoo.com,2357119982,Fukuoka,"fGDtbFqNXSmd
"
859,Ernesta,Malanie,Ernesta.Malanie@yahoo.com,6833357070,Arbil,"MbPbPwsoGso
"
860,Zondra,Goldina,Zondra.Goldina@yahoo.com,4022253490,N'Djamena," wCnLpRyO
"
861,Audrie,Carey,Audrie.Carey@yahoo.com,5731975598,Enugu,"xhIzJHOFdMV
"
862,Cassandra,Reneta,Cassandra.Reneta@yahoo.com,3566877896,Mecca,"SvhkLFkSC
"
863,Delilah,Riva,Delilah.Riva@yahoo.com,7358234154,Athens,"fMPefEZQGFrR
"
864,Petronia,Tamsky,Petronia.Tamsky@yahoo.com,2838932724,Wichita,"VyLCXRpm
"
865,Marinna,Norrie,Marinna.Norrie@yahoo.com,7649767247,Kingston,"nmfoKbiNUF
"
866,Stacey,Johanna,Stacey.Johanna@yahoo.com,2248477515,Port Said,"ffmLowa 
"
867,Jillayne,Robertson,Jillayne.Robertson@yahoo.com,4654899546,Monterrey,"IrlTakxaZD
"
868,Minne,Daniele,Minne.Daniele@yahoo.com,9073468927,Tegucigalpa,"zsLCE dlfIs
"
869,Berta,Urias,Berta.Urias@yahoo.com,9424598231,Rosario,"BekOkPEnsQgm
"
870,Ellette,Jammal,Ellette.Jammal@yahoo.com,9833702877,Hamilton,"sgbdaCOEoxG
"
871,Gerianna,Wesle,Gerianna.Wesle@yahoo.com,4312416301,Puerto Williams,"cLgPTbHes
"
872,Kenna,Thornburg,Kenna.Thornburg@yahoo.com,2939162410,Campinas,"TkZYzabG
"
873,Ardys,Cohdwell,Ardys.Cohdwell@yahoo.com,820731177,Ibadan,"DriIW LkaA
"
874,Elora,Evvie,Elora.Evvie@yahoo.com,7114975051,Dalian,"McRIEvSeGSZ
"
875,Lanae,Edee,Lanae.Edee@yahoo.com,5544244470,Mexicali,"mNfnxgeSo
"
876,Alejandra,Dudley,Alejandra.Dudley@yahoo.com,3132138346,Monterrey,"hxUOviYU
"
877,Farrah,Phyllis,Farrah.Phyllis@yahoo.com,2570666848,Tegucigalpa,"UqFufhzCoWiV
"
878,Mariann,Mathilde,Mariann.Mathilde@yahoo.com,9442469799,Sana'a,"hKxpfrxhJ
"
879,Carolina,Othilia,Carolina.Othilia@yahoo.com,3729639950,Jinan,"neHfLojHdYhT
"
880,Micheline,Pozzy,Micheline.Pozzy@yahoo.com,541157742,Ibadan,"yWIEIrGcWl J
"
881,Talya,Jaylene,Talya.Jaylene@yahoo.com,9228337333,Baku,"GmHkQJAWOMQ
"
882,Susette,Plato,Susette.Plato@yahoo.com,7767120089,Berlin,"TwaAKyKEH
"
883,Margarette,Markman,Margarette.Markman@yahoo.com,8741150992,Liverpool,"UZqTDHnn
"
884,Karina,Hortensia,Karina.Hortensia@yahoo.com,4765343147,Honiara,"NSZfgmftiJM
"
885,Rochette,Voletta,Rochette.Voletta@yahoo.com,1152514494,Banjul,"DZViCMbFrbh
"
886,Joeann,Edmund,Joeann.Edmund@yahoo.com,9396670807,Adelaide,"tUzgDOtpoYDA
"
887,Lorie,Fennessy,Lorie.Fennessy@yahoo.com,4904074137,Shijiazhuang,"iglfDZVXQF
"
888,Anica,Elsinore,Anica.Elsinore@yahoo.com,8789145538,Adana,"Rnaemxqytsfj
"
889,Kore,Cavan,Kore.Cavan@yahoo.com,2060683429,Port Louis,"jjkGErJVwA
"
890,Aurelie,Azeria,Aurelie.Azeria@yahoo.com,2000262989,Bilbao,"LWBGgNwtxc
"
891,Zsa Zsa,Weitman,Zsa Zsa.Weitman@yahoo.com,7107183619,Marrakech,"rPXmSOVLnn
"
892,Jenda,Sinegold,Jenda.Sinegold@yahoo.com,993370674,Port of Spain," texRIjtF
"
893,Riannon,Gahl,Riannon.Gahl@yahoo.com,5067937393,Abu Dhabi,"yPgZXhyO
"
894,Evita,Merriott,Evita.Merriott@yahoo.com,2162143955,Kingston,"brxMCKrjYgP
"
895,Elfreda,Sandye,Elfreda.Sandye@yahoo.com,8075025446,Luanda,"fIwwXWbLG Rl
"
896,Fredericka,Kravits,Fredericka.Kravits@yahoo.com,6336367449,Batticaloa,"FTAPDHXitim
"
897,Rhoda,Lea,Rhoda.Lea@yahoo.com,4979303033,Hilo,"FofZzkxN
"
898,Gwenneth,Knowling,Gwenneth.Knowling@yahoo.com,1080276912,Guwahati,"oEeOpYbauoUj
"
899,Kassey,Guthrie,Kassey.Guthrie@yahoo.com,2701190332,Luxembourg (city),"YeWBZwqvqFxd
"
900,Hannis,Ferrell,Hannis.Ferrell@yahoo.com,8376943969,Kobe,"kaxPVUzV
"
901,Kayla,Uund,Kayla.Uund@yahoo.com,3712504191,Calgary,"QhMEsrvAK
"
902,Marika,Rese,Marika.Rese@yahoo.com,6025397738,Salt Lake City,"peIaCwMi
"
903,Viki,Sothena,Viki.Sothena@yahoo.com,9192530818,Basse-Terre,"bPVorDzuaF
"
904,Janeczka,Allare,Janeczka.Allare@yahoo.com,3247469876,Tskhinvali,"qEGztxLmNZqu
"
905,Julieta,Nelsen,Julieta.Nelsen@yahoo.com,1879208206,Dallas,"JSqCBanRf
"
906,Audrie,Dudley,Audrie.Dudley@yahoo.com,8090725655,Hobart,"UzEypKIcFpH
"
907,Ketti,Armanda,Ketti.Armanda@yahoo.com,3355365795,Kaohsiung,"cXzKjeMu
"
908,Eugine,Magdalen,Eugine.Magdalen@yahoo.com,5143280343,Guatemala City,"B KDKbHBAFl
"
909,Brooks,Junie,Brooks.Junie@yahoo.com,5232201652,Castries,"aBrNYtYfpJU
"
910,Siana,Fairweather,Siana.Fairweather@yahoo.com,2747565413,Chiinu,"QezVHOl m
"
911,Miquela,Giule,Miquela.Giule@yahoo.com,5913789806,Hobart,"ZFXZARig
"
912,Vere,Rooney,Vere.Rooney@yahoo.com,554487938,Krakw,"TfyfvaWZY
"
913,Roslyn,Merat,Roslyn.Merat@yahoo.com,7423701014,Santa Cruz de la Sierra,"kcaztCYSM
"
914,Zsa Zsa,Vins,Zsa Zsa.Vins@yahoo.com,5490987904,Dededo,"rMbpAaEzq
"
915,Leona,Ivens,Leona.Ivens@yahoo.com,508305908,Atlanta,"GQtRTJytg
"
916,Korrie,Susannah,Korrie.Susannah@yahoo.com,7934450785,Guangzhou,"yaSctssQWf
"
917,Susan,Gower,Susan.Gower@yahoo.com,4488734928,Hat Yai,"xertAzPgU
"
918,Odessa,Hubert,Odessa.Hubert@yahoo.com,2708188216,Port Moresby,"VicVhXKg
"
919,Neila,Chandler,Neila.Chandler@yahoo.com,2784627461,Qingdao,"RPZPvMJuRY
"
920,Tybie,Fulmer,Tybie.Fulmer@yahoo.com,5781030906,Leipzig,"uVFXrYyXjg
"
921,Sonni,Craggie,Sonni.Craggie@yahoo.com,3495821396,Oranjestad,"P DOXsYMiBaI
"
922,Neila,Leary,Neila.Leary@yahoo.com,5146660436,Chihuahua,"WgrbqeTp
"
923,Caritta,Allare,Caritta.Allare@yahoo.com,8348939397,George Town,"qDHfPehR
"
924,Agnese,Maples,Agnese.Maples@yahoo.com,2137306552,Chengdu,"DMyYLHIEIm
"
925,Eve,Sherrie,Eve.Sherrie@yahoo.com,1160824986,Macei,"wKuxJzaCkXxp
"
926,Clary,Phyllis,Clary.Phyllis@yahoo.com,2929682450,Marseille,"B ZqZBBMfdr
"
927,Sean,Holbrook,Sean.Holbrook@yahoo.com,5051313870,Manila,"ABbPOxDFCaM
"
928,Dorene,Beebe,Dorene.Beebe@yahoo.com,5734034540,Chengdu,"yVWhgeAQ
"
929,Sissy,Tybald,Sissy.Tybald@yahoo.com,2812905610,Bilbao,"lZcNyETpyPMQ
"
930,Viki,Loleta,Viki.Loleta@yahoo.com,272585616,Makassar,"UOjAeXjEz
"
931,Viki,Janith,Viki.Janith@yahoo.com,7985633976,Fortaleza,"OcKdndmGx
"
932,Kellen,Annabella,Kellen.Annabella@yahoo.com,9761441342,Kyoto,"tMvWbY mDn
"
933,Cassandra,Urias,Cassandra.Urias@yahoo.com,674721990,Tianjin,"MtkPqBsnyAxK
"
934,Korrie,Agle,Korrie.Agle@yahoo.com,5179132329,N'Djamena,"rSsJXIpBAO
"
935,Alisha,Westphal,Alisha.Westphal@yahoo.com,1529887725,Jerusalem,"ByEjB nJ
"
936,Caressa,Dosia,Caressa.Dosia@yahoo.com,2516967242,Paramaribo,"nWFrYyZNr
"
937,Shannah,Pettiford,Shannah.Pettiford@yahoo.com,2165826948,Fairbanks,"dxLsXGvRMDPr
"
938,Glenda,Ramona,Glenda.Ramona@yahoo.com,2308728180,South Tarawa,"KCcKpLHeXG
"
939,Perry,Bluh,Perry.Bluh@yahoo.com,2505159176,Magadan,"DGyAPrxPA
"
940,Grier,Cherianne,Grier.Cherianne@yahoo.com,8640394940,Cologne,"GsZIrLPn
"
941,Doro,Flyn,Doro.Flyn@yahoo.com,7505782664,Chengdu,"AaXCkSnA
"
942,Dode,Yerkovich,Dode.Yerkovich@yahoo.com,4962238989,Lilongwe,"kdhItdBaeyhd
"
943,Brana,Fillbert,Brana.Fillbert@yahoo.com,5742990837,Rome,"EWQLhwJrJbh
"
944,Nanete,Korey,Nanete.Korey@yahoo.com,2970376555,Vienna,"YlMW MADtAwa
"
945,Lorenza,Wolfgram,Lorenza.Wolfgram@yahoo.com,7484651628,Istanbul,"xihrrfvkgVm
"
946,Jean,Vernier,Jean.Vernier@yahoo.com,3321447216,Portland,"UOsuUxQzoEpv
"
947,Shell,Quinn,Shell.Quinn@yahoo.com,671860212,Warsaw,"PtJaEsfgUZa
"
948,Raf,Carvey,Raf.Carvey@yahoo.com,2889133249,Durban,"MoXwGcIX
"
949,Sharai,Campball,Sharai.Campball@yahoo.com,2869785485,Baha Blanca,"uJSsAiAgt
"
950,Paola,Federica,Paola.Federica@yahoo.com,980941797,Ambon,"fGaHFHkz
"
951,Nollie,Schwejda,Nollie.Schwejda@yahoo.com,598968413,Banda Aceh,"PQSqXQ YTNP
"
952,Bee,Land,Bee.Land@yahoo.com,7716751502,Denver,"OczTItIK
"
953,Alyssa,Minetta,Alyssa.Minetta@yahoo.com,5480039286,Strasbourg,"ZuecWbKZMdwf
"
954,Edee,Trinetta,Edee.Trinetta@yahoo.com,3813767153,Yogyakarta (city),"rPReSXFRQB
"
955,Johna,Lissi,Johna.Lissi@yahoo.com,2711339389,La Serena,"uLEnGzlvTpj
"
956,Darci,Simmonds,Darci.Simmonds@yahoo.com,2385335402,Naypyidaw,"ecIfUWhtP
"
957,Teriann,Naor,Teriann.Naor@yahoo.com,5409558771,Kandy,"tjZyBkDgnpa
"
958,Katuscha,Stacy,Katuscha.Stacy@yahoo.com,8514707756,Islamabad,"HUGoCzHjXoO
"
959,Althea,Karl,Althea.Karl@yahoo.com,1689618065,Cotonou,"YBYwjXscN
"
960,Raquela,McNully,Raquela.McNully@yahoo.com,6307811515,Rockhampton,"jKMtoUehds
"
961,Rayna,Haldas,Rayna.Haldas@yahoo.com,984328599,Majuro,"ZlMMKeyPlFv
"
962,Suzette,Tjon,Suzette.Tjon@yahoo.com,8263871462,Punta Arenas,"eOSOUAFboKiN
"
963,Jaclyn,Calhoun,Jaclyn.Calhoun@yahoo.com,1602126934,Yaound,"cDgr MePbUWO
"
964,Jenda,Lacombe,Jenda.Lacombe@yahoo.com,2798319704,Omdurman,"xJaSkPYR QFN
"
965,Sandie,Markman,Sandie.Markman@yahoo.com,802197850,San Francisco,"PKaQnAhf
"
966,Claresta,Radu,Claresta.Radu@yahoo.com,2584337839,Fairbanks,"qokbowIuRp
"
967,Candy,Harl,Candy.Harl@yahoo.com,2941035079,Hilo,"BkP flMeg
"
968,Claudina,Weaks,Claudina.Weaks@yahoo.com,4860951585,Geelong,"dIUQLLTcAIs
"
969,Therine,Boycey,Therine.Boycey@yahoo.com,4326157122,Dublin,"PTTiOAOnr
"
970,Penelopa,Fairweather,Penelopa.Fairweather@yahoo.com,5354007544,Ahmedabad,"YDhHqHvLK
"
971,Gilligan,Odysseus,Gilligan.Odysseus@yahoo.com,9051401853,Split (city),"BJdPvacSsGw
"
972,Rosaline,Huggins,Rosaline.Huggins@yahoo.com,4517746921,Cockburn Town,"ITuWsDJkYX
"
973,Regina,Wyn,Regina.Wyn@yahoo.com,4031865956,Mlaga,"rFNBVSJuip
"
974,Kristina,August,Kristina.August@yahoo.com,7398635445,Ljubljana,"azFdjwRkArX
"
975,Bernardine,Elbertina,Bernardine.Elbertina@yahoo.com,5668687582,Gold Coast,"gRawCesGkh
"
976,Fredericka,Zachary,Fredericka.Zachary@yahoo.com,8266525635,Bissau,"ChKyfClC
"
977,Johna,Federica,Johna.Federica@yahoo.com,1788699491,Canberra,"ROCcsoqOfdGP
"
978,Lauryn,Junie,Lauryn.Junie@yahoo.com,4471281299,Kansas City,"dPwYFZSo
"
979,Corina,Stover,Corina.Stover@yahoo.com,9588281135,George Town,"HlClIxG AeGC
"
980,Corina,Teddman,Corina.Teddman@yahoo.com,5665603049,Muscat,"ECIISmtN Y
"
981,Albertina,Melony,Albertina.Melony@yahoo.com,2269572751,Aarhus,"AWqftOOn
"
982,Sarette,Stefa,Sarette.Stefa@yahoo.com,5057875525,Mumbai,"qmxqwDyyUJ
"
983,Collen,Revkah,Collen.Revkah@yahoo.com,130512650,Balikpapan,"BfxuuygxB
"
984,Adele,Ulphia,Adele.Ulphia@yahoo.com,4150632050,Mandurah,"lhtesHwTBc
"
985,Kerrin,Kravits,Kerrin.Kravits@yahoo.com,915753974,Lanzhou,"XDqlaNLPCfJg
"
986,Ericka,Zaslow,Ericka.Zaslow@yahoo.com,7060414685,Hangzhou,"tmfIAIns
"
987,Sheelagh,Stilwell,Sheelagh.Stilwell@yahoo.com,9630167226,Memphis,"utMWMEjp
"
988,Gilda,Pernick,Gilda.Pernick@yahoo.com,2133018868,Cuiab,"MYSHrATREJgD
"
989,Alyda,Lumbard,Alyda.Lumbard@yahoo.com,8200518252,Srinagar,"FyJlzgqtUHZ
"
990,Letizia,Arquit,Letizia.Arquit@yahoo.com,1352580900,San Antonio,"bBvBPGnvFwaj
"
991,Shaylyn,Rubie,Shaylyn.Rubie@yahoo.com,5312363701,The Hague,"gqhflEeVI 
"
992,Ottilie,Sherfield,Ottilie.Sherfield@yahoo.com,6085872109,Shillong,"pOPvTibSsjge
"
993,Nananne,Rosemary,Nananne.Rosemary@yahoo.com,8551929799,Managua,"NnlnrpJaR
"
994,Vita,Yuille,Vita.Yuille@yahoo.com,1534893039,Panama City,"LMlSUCpkyLG
"
995,Sandie,Fulmer,Sandie.Fulmer@yahoo.com,8668784312,Bloemfontein,"rhMOjuxF
"
996,Britni,Jary,Britni.Jary@yahoo.com,4454913291,Cork (city),"mZdogDTzvl
"
997,Catrina,Mehalek,Catrina.Mehalek@yahoo.com,4373673069,Honolulu,"FVllRIHFi
"
998,Barbi,Kirbee,Barbi.Kirbee@yahoo.com,1137592232,Tegucigalpa,"zIKLggASWHiI
"
999,Alyda,Manolo,Alyda.Manolo@yahoo.com,3454098457,Libreville,"qbPtTNHNAgKg
"
1000,Cecile,Telfer,Cecile.Telfer@yahoo.com,1149703067,Nukualofa,MxFgWeOJ
